Date,Week,Month,Year,Truck,Rail,Barge,Gulf_Vessel,Pacific_Vessel
2002-08-28,34,8,2002,52.0,,39.14,52.96,52.4
2002-09-04,35,9,2002,52.0,,42.51,56.09,53.25
2002-09-11,36,9,2002,53.0,,44.34,57.72,57.77
2002-09-18,37,9,2002,53.0,,45.87,58.73,59.43
2002-09-25,38,9,2002,53.0,,48.01,62.29,61.47
2002-10-02,39,9,2002,54.0,,54.43,62.6,63.04
2002-10-09,40,10,2002,55.0,,61.16,61.33,65.61
2002-10-16,41,10,2002,55.0,,62.99,61.78,63.18
2002-10-23,42,10,2002,55.0,,63.91,62.93,64.56
2002-10-30,43,10,2002,55.0,,63.91,63.46,66.37
2002-11-06,44,11,2002,54.0,,66.36,63.82,68.5
2002-11-13,45,11,2002,54.0,,68.19,63.08,70.31
2002-11-20,46,11,2002,53.0,,65.44,61.81,72.83
2002-11-27,47,11,2002,53.0,,73.7,62.29,76.06
2002-12-04,48,12,2002,53.0,,66.05,63.29,81.19
2002-12-11,49,12,2002,53.0,,69.72,63.34,85.99
2002-12-18,50,12,2002,53.0,,53.21,64.0,89.55
2002-12-25,51,12,2002,54.0,,50.76,64.96,92.3
2003-01-01,52,12,2002,56.0,,48.93,64.96,92.49
2003-01-08,1,1,2003,57.0,,48.93,65.6,92.87
2003-01-15,2,1,2003,56.0,,72.47,69.31,97.01
2003-01-22,3,1,2003,56.0,,73.08,71.19,98.62
2003-01-29,4,1,2003,56.0,,68.19,67.02,88.79
2003-02-05,5,2,2003,58.0,,62.69,66.82,88.93
2003-02-12,6,2,2003,63.0,,54.43,69.16,91.97
2003-02-19,7,2,2003,64.0,,50.76,70.18,90.74
2003-02-26,8,2,2003,65.0,,51.37,71.37,91.88
2003-03-05,9,3,2003,66.0,,55.65,72.21,90.55
2003-03-12,10,3,2003,67.0,,57.79,74.14,88.65
2003-03-19,11,3,2003,66.0,,53.51,76.63,93.73
2003-03-26,12,3,2003,63.0,,47.09,76.51,94.2
2003-04-02,13,3,2003,60.0,,44.34,77.09,94.54
2003-04-09,14,4,2003,58.0,,43.73,78.79,99.62
2003-04-16,15,4,2003,58.0,,42.2,81.74,104.23
2003-04-23,16,4,2003,58.0,,39.45,82.2,103.37
2003-04-30,17,4,2003,57.0,,38.53,86.8,102.8
2003-05-07,18,5,2003,56.0,,39.14,88.84,102.23
2003-05-14,19,5,2003,54.0,,45.26,90.24,105.75
2003-05-21,20,5,2003,54.0,,43.12,86.91,110.74
2003-05-28,21,5,2003,54.0,,41.28,79.56,109.26
2003-06-04,22,6,2003,54.0,,40.67,79.58,106.32
2003-06-11,23,6,2003,54.0,,42.51,77.8,104.09
2003-06-18,24,6,2003,54.0,,45.56,77.32,107.03
2003-06-25,25,6,2003,54.0,,48.01,76.74,107.84
2003-07-02,26,6,2003,54.0,,48.93,78.03,109.83
2003-07-09,27,7,2003,54.0,,47.7,79.86,110.97
2003-07-16,28,7,2003,54.0,,47.09,81.97,112.07
2003-07-23,29,7,2003,54.0,,44.95,84.64,111.07
2003-07-30,30,7,2003,54.0,,46.17,82.89,106.98
2003-08-06,31,8,2003,55.0,,46.17,81.57,98.62
2003-08-13,32,8,2003,56.0,,49.69,86.04,103.42
2003-08-20,33,8,2003,57.0,,51.98,86.3,103.04
2003-08-27,34,8,2003,57.0,,57.49,84.31,97.05
2003-09-03,35,8,2003,57.0,,57.49,86.35,92.64
2003-09-10,36,9,2003,56.0,,60.85,88.71,93.11
2003-09-17,37,9,2003,55.0,,75.84,87.47,95.96
2003-09-24,38,9,2003,54.0,,83.48,85.56,108.41
2003-10-01,39,9,2003,54.0,,92.04,95.93,128.6
2003-10-08,40,10,2003,55.0,,91.13,107.7,155.91
2003-10-15,41,10,2003,56.0,,81.95,115.74,180.62
2003-10-22,42,10,2003,57.0,,93.27,116.32,182.14
2003-10-29,43,10,2003,57.0,,107.03,118.94,199.48
2003-11-05,44,11,2003,56.0,,84.7,120.72,197.2
2003-11-12,45,11,2003,56.0,,66.97,115.48,187.46
2003-11-19,46,11,2003,56.0,,59.02,114.37,186.03
2003-11-26,47,11,2003,56.0,,57.49,117.77,194.63
2003-12-03,48,11,2003,56.0,,61.16,124.94,199.24
2003-12-10,49,12,2003,56.0,,67.58,128.43,196.82
2003-12-17,50,12,2003,56.0,,65.44,130.38,198.62
2003-12-24,51,12,2003,57.0,,65.75,130.59,197.43
2003-12-31,52,12,2003,57.0,,61.46,,
2004-01-07,1,1,2004,57.0,,61.16,131.27,196.91
2004-01-14,2,1,2004,60.0,,61.16,147.9,214.44
2004-01-21,3,1,2004,59.0,,58.1,150.22,207.36
2004-01-28,4,1,2004,60.0,,63.6,158.23,208.5
2004-02-04,5,2,2004,60.0,,65.75,181.72,215.06
2004-02-11,6,2,2004,59.0,,59.94,175.97,208.69
2004-02-18,7,2,2004,60.0,,55.35,175.01,207.79
2004-02-25,8,2,2004,60.0,,48.32,185.63,212.64
2004-03-03,9,2,2004,61.0,,48.93,183.6,207.89
2004-03-10,10,3,2004,62.0,,45.56,185.89,213.44
2004-03-17,11,3,2004,61.0,,46.17,186.27,215.61
2004-03-24,12,3,2004,62.0,,43.73,185.69,209.07
2004-03-31,13,3,2004,62.0,,46.17,183.65,200.14
2004-04-07,14,4,2004,62.0,,44.95,184.94,196.94
2004-04-14,15,4,2004,63.0,,44.65,184.54,195.42
2004-04-21,16,4,2004,65.0,,42.81,182.14,196.76
2004-04-28,17,4,2004,65.0,,41.74,168.93,181.15
2004-05-05,18,5,2004,65.0,,41.59,161.04,170.95
2004-05-12,19,5,2004,66.0,,46.48,161.15,176.02
2004-05-19,20,5,2004,67.0,,51.68,133.26,144.87
2004-05-26,21,5,2004,66.0,,53.21,131.76,142.14
2004-06-02,22,5,2004,66.0,,51.68,130.74,135.48
2004-06-09,23,6,2004,65.0,,49.84,121.31,126.11
2004-06-16,24,6,2004,65.0,,46.48,110.75,124.13
2004-06-23,25,6,2004,64.0,,45.87,94.01,117.08
2004-06-30,26,6,2004,64.0,,46.17,97.46,125.75
2004-07-07,27,7,2004,65.0,,46.17,107.72,145.84
2004-07-14,28,7,2004,66.0,,44.65,123.65,171.79
2004-07-21,29,7,2004,66.0,,46.79,122.58,158.6
2004-07-28,30,7,2004,66.0,,59.94,125.75,149.94
2004-08-04,31,8,2004,67.0,,64.22,131.57,155.94
2004-08-11,32,8,2004,68.0,,67.27,127.17,148.12
2004-08-18,33,8,2004,69.0,,69.72,129.59,151.52
2004-08-25,34,8,2004,71.0,,68.5,134.36,154.89
2004-09-01,35,8,2004,71.0,,67.58,134.29,152.32
2004-09-08,36,9,2004,71.0,,69.72,131.92,151.91
2004-09-15,37,9,2004,71.0,,108.56,134.07,159.11
2004-09-22,38,9,2004,72.0,,115.9,136.38,169.26
2004-09-29,39,9,2004,76.0,,131.18,135.94,168.54
2004-10-06,40,10,2004,77.0,,128.13,136.56,167.24
2004-10-13,41,10,2004,79.0,,103.97,140.08,172.5
2004-10-20,42,10,2004,82.0,,101.83,146.01,184.1
2004-10-27,43,10,2004,83.0,,129.35,152.68,190.12
2004-11-03,44,10,2004,83.0,,112.84,153.73,188.53
2004-11-10,45,11,2004,82.0,,113.45,154.61,185.82
2004-11-17,46,11,2004,80.0,,91.43,155.72,194.57
2004-11-24,47,11,2004,80.0,,72.17,163.67,214.19
2004-12-01,48,11,2004,80.0,,73.39,178.92,236.89
2004-12-08,49,12,2004,78.0,,74.92,176.55,231.25
2004-12-15,50,12,2004,75.0,,92.04,160.77,206.89
2004-12-22,51,12,2004,75.0,,105.74,154.41,187.92
2004-12-29,52,12,2004,75.0,,91.74,,
2005-01-05,1,1,2005,74.0,,79.81,148.17,173.16
2005-01-12,2,1,2005,73.0,,99.08,158.31,185.85
2005-01-19,3,1,2005,74.0,,110.39,152.99,175.28
2005-01-26,4,1,2005,74.0,,89.29,149.55,162.37
2005-02-02,5,1,2005,75.0,,80.42,153.59,169.22
2005-02-09,6,2,2005,75.0,,71.25,147.03,160.47
2005-02-16,7,2,2005,75.0,,85.01,151.61,172.53
2005-02-23,8,2,2005,76.0,,97.85,156.89,193.04
2005-03-02,9,2,2005,80.0,,112.84,155.13,185.33
2005-03-09,10,3,2005,82.0,,84.09,158.17,189.55
2005-03-16,11,3,2005,83.0,,105.19,162.62,190.6
2005-03-23,12,3,2005,85.0,,76.45,162.96,183.87
2005-03-30,13,3,2005,85.0,,70.64,161.84,182.24
2005-04-06,14,4,2005,87.0,,95.71,157.92,168.56
2005-04-13,15,4,2005,87.0,,73.7,158.63,166.82
2005-04-20,16,4,2005,85.0,,72.78,157.28,163.84
2005-04-27,17,4,2005,86.0,,68.19,145.04,132.27
2005-05-04,18,5,2005,85.0,,74.92,138.0,125.97
2005-05-11,19,5,2005,84.0,,70.03,145.69,139.36
2005-05-18,20,5,2005,83.0,,76.45,138.04,128.62
2005-05-25,21,5,2005,81.0,,81.03,137.5,128.17
2005-06-01,22,5,2005,82.0,,77.37,136.57,126.13
2005-06-08,23,6,2005,84.0,,71.25,135.84,129.47
2005-06-15,24,6,2005,86.0,,67.58,126.0,119.48
2005-06-22,25,6,2005,87.0,,63.91,118.19,111.67
2005-06-29,26,6,2005,88.0,,71.86,117.62,112.25
2005-07-06,27,7,2005,89.0,,75.84,110.44,103.56
2005-07-13,28,7,2005,91.0,,78.89,100.83,102.68
2005-07-20,29,7,2005,90.0,,95.1,93.96,99.73
2005-07-27,30,7,2005,88.0,,84.4,88.54,91.62
2005-08-03,31,7,2005,89.0,,77.37,83.76,86.73
2005-08-10,32,8,2005,91.0,,83.48,87.86,92.45
2005-08-17,33,8,2005,97.0,,96.94,95.32,109.61
2005-08-24,34,8,2005,98.0,,100.3,98.95,119.27
2005-08-31,35,8,2005,98.0,,152.9,95.03,108.54
2005-09-07,36,9,2005,109.0,,171.24,91.82,103.05
2005-09-14,37,9,2005,107.0,,204.88,99.8,115.71
2005-09-21,38,9,2005,103.0,,179.5,107.52,126.14
2005-09-28,39,9,2005,106.0,,193.57,111.76,121.58
2005-10-05,40,10,2005,119.0,,216.5,113.32,119.05
2005-10-12,41,10,2005,119.0,,256.87,118.82,123.81
2005-10-19,42,10,2005,119.0,,199.99,119.32,120.63
2005-10-26,43,10,2005,119.0,,179.19,118.59,115.71
2005-11-02,44,10,2005,109.0,,137.61,117.79,117.1
2005-11-09,45,11,2005,102.0,,109.78,115.59,114.48
2005-11-16,46,11,2005,98.0,,114.67,115.54,113.03
2005-11-23,47,11,2005,95.0,,112.23,110.41,106.52
2005-11-30,48,11,2005,94.0,,111.61,107.59,111.92
2005-12-07,49,12,2005,81.0,,146.17,104.58,119.78
2005-12-14,50,12,2005,92.0,,168.8,101.7,126.43
2005-12-21,51,12,2005,93.0,,155.34,100.63,120.62
2005-12-28,52,12,2005,92.0,,135.47,100.36,119.59
2006-01-04,1,1,2006,92.0,,125.07,101.65,123.57
2006-01-11,2,1,2006,94.0,,115.9,100.31,121.95
2006-01-18,3,1,2006,92.0,,122.32,93.56,118.57
2006-01-25,4,1,2006,93.0,,117.12,86.02,109.28
2006-02-01,5,1,2006,94.0,,126.29,83.03,112.59
2006-02-08,6,2,2006,94.0,,145.25,86.12,116.66
2006-02-15,7,2,2006,93.0,,130.57,88.69,120.51
2006-02-22,8,2,2006,93.0,,114.67,92.83,129.79
2006-03-01,9,2,2006,93.0,,117.73,90.7,127.98
2006-03-08,10,3,2006,96.0,,115.59,91.64,131.89
2006-03-15,11,3,2006,96.0,,103.05,91.86,138.07
2006-03-22,12,3,2006,97.0,,101.83,88.85,130.3
2006-03-29,13,3,2006,97.0,,98.47,92.17,128.27
2006-04-05,14,4,2006,99.0,,105.5,90.77,123.11
2006-04-12,15,4,2006,100.0,,100.3,88.68,121.08
2006-04-19,16,4,2006,104.0,,89.9,88.37,120.36
2006-04-26,17,4,2006,109.0,,88.07,87.34,118.78
2006-05-03,18,4,2006,109.0,,95.41,86.59,117.77
2006-05-10,19,5,2006,109.0,,108.86,87.34,120.27
2006-05-17,20,5,2006,110.0,,120.18,88.57,120.96
2006-05-24,21,5,2006,109.0,,117.42,89.33,120.87
2006-05-31,22,5,2006,109.0,,107.33,89.27,122.84
2006-06-07,23,6,2006,109.0,,114.67,90.78,130.21
2006-06-14,24,6,2006,110.0,,118.34,94.02,138.1
2006-06-21,25,6,2006,110.0,,116.81,93.72,136.21
2006-06-28,26,6,2006,108.0,,127.21,98.5,143.86
2006-07-05,27,7,2006,109.0,,135.47,101.49,149.37
2006-07-12,28,7,2006,110.0,,150.76,97.98,143.09
2006-07-19,29,7,2006,110.0,,160.85,100.01,142.95
2006-07-26,30,7,2006,111.0,,151.67,103.19,145.46
2006-08-02,31,7,2006,112.0,,152.28,105.4,142.79
2006-08-09,32,8,2006,115.0,,174.91,110.69,152.29
2006-08-16,33,8,2006,116.0,,174.0,115.12,158.45
2006-08-23,34,8,2006,114.0,,177.05,116.01,158.28
2006-08-30,35,8,2006,114.0,,174.0,119.12,159.48
2006-09-06,36,9,2006,112.0,,154.12,125.17,167.97
2006-09-13,37,9,2006,108.0,,157.18,128.22,173.29
2006-09-20,38,9,2006,102.0,,165.13,130.82,187.46
2006-09-27,39,9,2006,98.0,,177.67,125.85,175.3
2006-10-04,40,10,2006,96.0,,186.53,126.35,183.5
2006-10-11,41,10,2006,95.0,,171.24,125.33,186.84
2006-10-18,42,10,2006,94.0,,169.41,123.4,184.4
2006-10-25,43,10,2006,95.0,,137.61,122.8,175.63
2006-11-01,44,10,2006,95.0,,161.46,122.5,179.67
2006-11-08,45,11,2006,95.0,,140.36,125.36,198.7
2006-11-15,46,11,2006,96.0,,136.08,126.09,194.5
2006-11-22,47,11,2006,96.0,,141.89,125.17,193.38
2006-11-29,48,11,2006,97.0,,136.08,126.82,195.11
2006-12-06,49,12,2006,99.0,,115.28,132.58,197.71
2006-12-13,50,12,2006,99.0,,116.81,132.98,188.76
2006-12-20,51,12,2006,98.0,,87.15,134.25,186.29
2006-12-27,52,12,2006,98.0,,83.79,135.87,187.21
2007-01-03,53,12,2006,97.0,,81.95,,
2007-01-10,1,1,2007,96.0,,81.95,136.03,187.48
2007-01-17,2,1,2007,93.0,,120.18,142.38,194.77
2007-01-24,3,1,2007,92.0,,87.46,136.03,180.52
2007-01-31,4,1,2007,91.0,,95.41,133.49,175.77
2007-02-07,5,2,2007,92.0,,109.47,133.49,171.02
2007-02-14,6,2,2007,93.0,,113.14,133.49,175.77
2007-02-21,7,2,2007,94.0,,111.31,136.03,179.33
2007-02-28,8,2,2007,96.0,,97.85,141.11,181.71
2007-03-07,9,3,2007,99.0,,87.15,142.38,185.27
2007-03-14,10,3,2007,101.0,,90.82,144.93,190.02
2007-03-21,11,3,2007,101.0,,81.95,144.93,190.02
2007-03-28,12,3,2007,101.0,,74.61,144.93,191.21
2007-04-04,13,4,2007,105.0,,72.47,144.93,191.21
2007-04-11,14,4,2007,107.0,,70.64,144.93,191.21
2007-04-18,15,4,2007,109.0,,68.5,148.74,197.15
2007-04-25,16,4,2007,108.0,,65.13,152.56,201.9
2007-05-02,17,4,2007,106.0,,65.44,152.56,206.65
2007-05-09,18,5,2007,105.0,,63.91,155.1,211.4
2007-05-16,19,5,2007,105.0,,69.41,165.27,218.53
2007-05-23,20,5,2007,106.0,,84.09,162.73,211.4
2007-05-30,21,5,2007,106.0,,99.69,162.73,201.9
2007-06-06,22,6,2007,106.0,,108.25,162.73,197.15
2007-06-13,23,6,2007,112.0,,100.91,157.64,190.02
2007-06-20,24,6,2007,106.0,,105.5,150.01,185.27
2007-06-27,25,6,2007,107.0,,112.84,153.83,194.77
2007-07-04,26,7,2007,107.0,,110.09,188.15,242.28
2007-07-11,27,7,2007,108.0,,108.86,188.15,256.53
2007-07-18,28,7,2007,109.0,,134.24,203.41,285.04
2007-07-25,29,7,2007,109.0,,140.05,213.58,285.04
2007-08-01,30,7,2007,109.0,,120.79,228.83,280.29
2007-08-08,31,8,2007,109.0,,136.38,227.56,275.53
2007-08-15,32,8,2007,107.0,,162.38,226.29,268.41
2007-08-22,33,8,2007,108.0,,176.75,239.0,289.79
2007-08-29,34,8,2007,108.0,,213.44,228.83,280.29
2007-09-05,35,9,2007,109.0,,247.69,231.88,280.76
2007-09-12,36,9,2007,110.0,,210.39,250.44,323.04
2007-09-19,37,9,2007,112.0,,228.12,241.55,311.16
2007-09-26,38,9,2007,114.0,,199.68,241.55,318.29
2007-10-03,39,9,2007,115.0,,205.19,251.72,313.54
2007-10-10,40,10,2007,115.0,,195.71,256.8,325.42
2007-10-17,41,10,2007,115.0,,160.85,292.4,427.55
2007-10-24,42,10,2007,117.0,,162.99,292.4,427.55
2007-10-31,43,10,2007,119.0,,139.44,297.48,437.05
2007-11-07,44,11,2007,125.0,,127.82,292.4,441.81
2007-11-14,45,11,2007,129.0,,133.94,292.4,437.05
2007-11-21,46,11,2007,129.0,,124.15,300.03,427.55
2007-11-28,47,11,2007,130.0,,118.34,305.11,389.55
2007-12-05,48,12,2007,129.0,,118.34,302.57,389.55
2007-12-12,49,12,2007,125.0,,122.32,310.2,389.55
2007-12-19,50,12,2007,125.0,,115.28,315.28,370.55
2007-12-26,51,12,2007,125.0,,112.23,321.64,370.55
2008-01-02,52,12,2007,126.0,,110.09,312.74,370.55
2008-01-09,1,1,2008,127.0,,107.33,315.28,332.54
2008-01-16,2,1,2008,126.0,,99.38,307.65,323.04
2008-01-23,3,1,2008,123.0,,130.88,,
2008-01-30,4,1,2008,123.0,,136.38,,
2008-02-06,5,2,2008,124.0,,152.28,233.92,242.28
2008-02-13,6,2,2008,124.0,,143.72,246.63,256.53
2008-02-20,7,2,2008,128.0,,152.9,266.97,299.29
2008-02-27,8,2,2008,134.0,,161.76,272.06,294.54
2008-03-05,9,3,2008,138.0,,135.77,282.23,318.29
2008-03-12,10,3,2008,144.0,,148.31,286.04,327.79
2008-03-19,11,3,2008,150.0,,131.49,283.5,318.29
2008-03-26,12,3,2008,151.0,,143.42,282.23,313.54
2008-04-02,13,3,2008,150.0,,132.71,279.68,304.04
2008-04-09,14,4,2008,151.0,,127.21,277.14,294.54
2008-04-16,15,4,2008,153.0,,124.76,282.23,299.29
2008-04-23,16,4,2008,156.0,,128.74,289.86,308.79
2008-04-30,17,4,2008,158.0,,118.65,302.57,327.79
2008-05-07,18,5,2008,157.0,,117.12,312.74,323.04
2008-05-14,19,5,2008,163.0,,115.28,321.64,332.54
2008-05-21,20,5,2008,188.0,,116.51,358.5,342.04
2008-05-28,21,5,2008,178.0,,123.85,355.96,346.79
2008-06-04,22,6,2008,178.0,,131.8,343.25,370.55
2008-06-11,23,6,2008,177.0,,161.15,343.25,380.05
2008-06-18,24,6,2008,177.0,,196.93,307.65,370.55
2008-06-25,25,6,2008,175.0,,170.63,310.2,384.8
2008-07-02,26,6,2008,175.0,,184.7,333.08,389.55
2008-07-09,27,7,2008,178.0,,167.57,320.37,361.05
2008-07-16,28,7,2008,180.0,,142.5,335.62,361.05
2008-07-23,29,7,2008,178.0,,138.52,327.99,342.04
2008-07-30,30,7,2008,174.0,,150.45,312.74,313.54
2008-08-06,31,8,2008,170.0,,148.31,302.57,308.79
2008-08-13,32,8,2008,164.0,,140.66,284.77,275.53
2008-08-20,33,8,2008,159.0,,157.48,300.03,294.54
2008-08-27,34,8,2008,156.0,,173.08,294.94,285.04
2008-09-03,35,8,2008,156.0,,181.95,289.86,261.28
2008-09-10,36,9,2008,153.0,,186.23,266.97,251.78
2008-09-17,37,9,2008,151.81132,,187.14,231.38,237.53
2008-09-24,38,9,2008,149.0,,182.25,231.38,285.04
2008-10-01,39,9,2008,149.0,,191.12,165.27,204.28
2008-10-08,40,10,2008,146.0,,229.34,142.38,166.27
2008-10-15,41,10,2008,138.0,,201.82,122.04,142.52
2008-10-22,42,10,2008,131.0,,174.61,96.62,90.26
2008-10-29,43,10,2008,124.0,,212.22,78.82,80.76
2008-11-05,44,11,2008,117.0,,321.08,73.74,80.76
2008-11-12,45,11,2008,111.0,,168.19,73.74,90.26
2008-11-19,46,11,2008,106.0,,146.47,73.74,90.26
2008-11-26,47,11,2008,101.0,,120.79,69.92,80.76
2008-12-03,48,11,2008,99.0,,122.32,63.56,68.88
2008-12-10,49,12,2008,95.0,,152.9,58.48,66.51
2008-12-17,50,12,2008,91.0,,143.72,58.48,61.76
2008-12-24,51,12,2008,89.0,,158.71,61.02,61.76
2008-12-31,52,12,2008,88.0,,134.85,61.02,61.76
2009-01-07,1,1,2009,86.0,,113.45,58.48,61.76
2009-01-14,2,1,2009,87.0,,168.19,68.65,64.13
2009-01-21,3,1,2009,87.0,,172.16,63.56,64.13
2009-01-28,4,1,2009,86.0,,171.24,67.38,68.88
2009-02-04,5,2,2009,85.0,,139.44,76.28,87.89
2009-02-11,6,2,2009,84.0,,108.86,97.89,97.39
2009-02-18,7,2,2009,82.0,,94.8,101.7,95.01
2009-02-25,8,2,2009,80.0,,93.27,99.16,90.26
2009-03-04,9,3,2009,79.0,,86.23,100.43,92.64
2009-03-11,10,3,2009,77.0,,81.65,109.33,109.26
2009-03-18,11,3,2009,76.0,,81.03,116.96,118.76
2009-03-25,12,3,2009,79.0,,82.87,101.7,95.01
2009-04-01,13,3,2009,84.0,,76.14,101.7,95.01
2009-04-08,14,4,2009,84.0,,77.37,95.35,80.76
2009-04-15,15,4,2009,84.0,,80.42,99.16,85.51
2009-04-22,16,4,2009,84.0,,79.2,109.33,109.26
2009-04-29,17,4,2009,83.0,,76.14,106.79,116.39
2009-05-06,18,5,2009,82.0,,76.14,101.7,99.76
2009-05-13,19,5,2009,84.0,,83.48,110.6,111.64
2009-05-20,20,5,2009,84.0,,83.18,122.04,125.89
2009-05-27,21,5,2009,86.0,,82.87,125.86,125.89
2009-06-03,22,5,2009,89.0,,80.73,137.3,147.27
2009-06-10,23,6,2009,94.0,,81.95,143.66,161.52
2009-06-17,24,6,2009,97.0,,88.68,143.66,166.27
2009-06-24,25,6,2009,99.0,,84.4,157.64,166.27
2009-07-01,26,6,2009,98.0,,80.42,150.01,147.27
2009-07-08,27,7,2009,98.0,,76.14,152.56,156.77
2009-07-15,28,7,2009,96.0,,82.56,139.84,147.27
2009-07-22,29,7,2009,94.0,,91.13,152.56,147.27
2009-07-29,30,7,2009,95.0,,88.07,162.73,156.77
2009-08-05,31,8,2009,96.0,,84.4,157.64,156.77
2009-08-12,32,8,2009,99.0,,85.62,144.93,142.52
2009-08-19,33,8,2009,100.0,,98.47,142.38,137.77
2009-08-26,34,8,2009,101.0,,103.97,134.76,133.02
2009-09-02,35,8,2009,101.0,,108.56,132.21,118.76
2009-09-09,36,9,2009,100.0,,102.75,144.93,137.77
2009-09-16,37,9,2009,99.0,,102.44,146.2,142.52
2009-09-23,38,9,2009,99.0,,118.95,147.47,149.64
2009-09-30,39,9,2009,98.0,,137.0,142.38,137.77
2009-10-07,40,10,2009,97.0,,142.81,142.38,140.14
2009-10-14,41,10,2009,98.0,,130.57,148.74,152.02
2009-10-21,42,10,2009,102.0,,136.69,150.01,159.14
2009-10-28,43,10,2009,106.0,,138.83,164.63,175.77
2009-11-04,44,11,2009,106.0,,133.94,167.81,175.77
2009-11-11,45,11,2009,106.0,,198.77,177.98,187.65
2009-11-18,46,11,2009,105.0,,130.27,177.98,204.28
2009-11-25,47,11,2009,105.0,,123.54,186.88,218.53
2009-12-02,48,11,2009,105.0,,122.32,183.07,209.03
2009-12-09,49,12,2009,105.0,,119.26,177.98,199.52
2009-12-16,50,12,2009,104.0,,110.7,172.9,185.27
2009-12-23,51,12,2009,103.0,,110.09,174.17,178.15
2009-12-30,52,12,2009,103.0,,110.09,172.9,175.77
2010-01-06,1,1,2010,106.0,84.0,116.2,,
2010-01-13,2,1,2010,109.0,83.0,118.04,183.07,199.52
2010-01-20,3,1,2010,108.0,81.0,119.56,177.98,190.02
2010-01-27,4,1,2010,107.0,83.0,125.37,174.17,185.27
2010-02-03,5,1,2010,105.0,83.0,122.32,170.35,180.52
2010-02-10,6,2,2010,104.0,86.0,109.47,160.18,175.77
2010-02-17,7,2,2010,104.0,87.0,93.27,155.1,166.27
2010-02-24,8,2,2010,107.0,83.0,96.94,160.18,175.77
2010-03-03,9,2,2010,108.0,81.0,105.5,165.27,180.52
2010-03-10,10,3,2010,110.0,84.0,95.71,172.9,204.28
2010-03-17,11,3,2010,110.0,85.0,86.54,177.98,204.28
2010-03-24,12,3,2010,111.0,77.0,84.7,180.52,204.28
2010-03-31,13,3,2010,111.0,76.0,84.4,175.44,194.77
2010-04-07,14,4,2010,114.0,75.0,84.09,170.35,190.02
2010-04-14,15,4,2010,116.0,76.0,84.09,177.98,199.52
2010-04-21,16,4,2010,116.0,75.0,84.09,177.98,194.77
2010-04-28,17,4,2010,116.0,76.0,94.18,175.44,185.27
2010-05-05,18,5,2010,118.0,75.0,103.97,177.98,190.02
2010-05-12,19,5,2010,118.0,74.0,117.12,183.07,199.52
2010-05-19,20,5,2010,117.0,75.0,127.52,183.07,204.28
2010-05-26,21,5,2010,114.0,75.0,103.36,185.61,204.28
2010-06-02,22,5,2010,112.0,75.0,96.02,181.8,194.77
2010-06-09,23,6,2010,111.0,74.0,89.9,177.98,180.52
2010-06-16,24,6,2010,110.0,73.0,91.43,174.17,175.77
2010-06-23,25,6,2010,112.0,73.0,91.13,169.08,161.52
2010-06-30,26,6,2010,112.0,76.0,90.51,157.64,156.77
2010-07-07,27,7,2010,110.0,77.0,99.38,142.38,144.89
2010-07-14,28,7,2010,110.0,82.0,118.65,129.67,128.27
2010-07-21,29,7,2010,109.0,82.0,129.96,142.38,147.27
2010-07-28,30,7,2010,110.0,83.0,118.65,146.2,152.02
2010-08-04,31,8,2010,110.0,86.0,113.45,152.56,159.14
2010-08-11,32,8,2010,113.0,96.0,132.41,152.56,156.77
2010-08-18,33,8,2010,112.0,94.0,133.63,157.64,161.52
2010-08-25,34,8,2010,112.0,98.0,139.44,165.27,171.02
2010-09-01,35,8,2010,111.0,100.0,154.73,162.73,166.27
2010-09-08,36,9,2010,111.0,94.0,151.37,165.27,166.27
2010-09-15,37,9,2010,111.0,79.0,145.25,172.9,190.02
2010-09-22,38,9,2010,112.0,85.0,166.66,165.27,166.27
2010-09-29,39,9,2010,111.0,76.0,170.94,162.73,161.52
2010-10-06,40,10,2010,113.0,106.0,196.93,155.1,152.02
2010-10-13,41,10,2010,116.0,101.0,181.64,152.56,156.77
2010-10-20,42,10,2010,116.0,95.0,169.1,150.01,152.02
2010-10-27,43,10,2010,116.0,76.0,150.14,150.01,154.39
2010-11-03,44,10,2010,116.0,74.0,135.77,155.1,166.27
2010-11-10,45,11,2010,118.0,74.0,140.05,147.47,154.39
2010-11-17,46,11,2010,120.0,73.0,125.37,150.01,163.9
2010-11-24,47,11,2010,120.0,73.0,140.66,136.03,147.27
2010-12-01,48,11,2010,119.0,73.0,142.5,134.76,144.89
2010-12-08,49,12,2010,121.0,77.0,170.94,134.76,137.77
2010-12-15,50,12,2010,122.0,83.0,177.67,138.57,147.27
2010-12-22,51,12,2010,123.0,83.0,158.4,132.21,137.77
2010-12-29,52,12,2010,124.0,81.0,147.7,132.21,128.27
2011-01-05,1,1,2011,126.0,80.0,126.29,,
2011-01-12,2,1,2011,126.0,81.0,137.61,134.76,137.77
2011-01-19,3,1,2011,129.0,82.0,140.05,137.3,152.02
2011-01-26,4,1,2011,129.0,80.0,139.44,127.13,133.02
2011-02-02,5,1,2011,130.0,81.0,168.19,124.59,128.27
2011-02-09,6,2,2011,133.0,87.0,164.52,124.59,137.77
2011-02-16,7,2,2011,133.0,83.0,178.58,134.76,152.02
2011-02-23,8,2,2011,135.0,84.0,164.52,143.66,156.77
2011-03-02,9,2,2011,140.0,85.0,152.28,142.38,156.77
2011-03-09,10,3,2011,146.0,87.0,193.57,150.01,161.52
2011-03-16,11,3,2011,147.0,90.0,170.02,152.56,166.27
2011-03-23,12,3,2011,147.0,82.0,150.14,150.01,171.02
2011-03-30,13,3,2011,148.0,84.0,155.04,150.01,166.27
2011-04-06,14,4,2011,150.0,78.0,144.33,147.47,161.52
2011-04-13,15,4,2011,154.0,76.0,131.18,134.76,147.27
2011-04-20,16,4,2011,155.0,80.0,126.29,132.21,142.52
2011-04-27,17,4,2011,155.0,77.0,122.93,128.4,133.02
2011-05-04,18,5,2011,156.0,76.0,140.66,129.67,142.52
2011-05-11,19,5,2011,155.0,79.0,129.96,134.76,142.52
2011-05-18,20,5,2011,153.0,83.0,129.04,134.76,142.52
2011-05-25,21,5,2011,151.0,80.0,137.3,130.94,137.77
2011-06-01,22,5,2011,149.0,79.0,141.58,136.03,147.27
2011-06-08,23,6,2011,149.0,84.0,136.69,134.76,142.52
2011-06-15,24,6,2011,149.0,83.0,136.38,137.3,147.27
2011-06-22,25,6,2011,149.0,78.0,137.61,137.3,144.89
2011-06-29,26,6,2011,147.0,80.0,136.08,132.21,137.77
2011-07-06,27,7,2011,145.0,81.0,140.66,132.21,133.02
2011-07-13,28,7,2011,147.0,80.0,137.3,134.76,137.77
2011-07-20,29,7,2011,148.0,80.0,131.8,130.94,130.64
2011-07-27,30,7,2011,149.0,77.0,119.26,129.67,128.27
2011-08-03,31,7,2011,149.0,75.0,110.7,132.21,130.64
2011-08-10,32,8,2011,147.0,74.0,115.28,128.4,128.27
2011-08-17,33,8,2011,145.0,79.0,129.35,129.67,133.02
2011-08-24,34,8,2011,144.0,78.0,133.02,134.76,152.02
2011-08-31,35,8,2011,144.0,79.0,140.05,138.57,161.52
2011-09-07,36,9,2011,146.0,78.0,140.66,137.3,163.9
2011-09-14,37,9,2011,146.0,80.0,145.25,137.3,166.27
2011-09-21,38,9,2011,145.0,87.0,158.4,139.84,163.9
2011-09-28,39,9,2011,143.0,80.0,172.16,139.84,152.02
2011-10-05,40,10,2011,141.0,91.0,171.86,139.84,152.02
2011-10-12,41,10,2011,140.0,93.0,160.54,142.38,161.52
2011-10-19,42,10,2011,143.0,80.0,151.67,150.01,171.02
2011-10-26,43,10,2011,144.0,83.0,150.76,150.01,166.27
2011-11-02,44,10,2011,147.0,81.0,148.31,147.47,161.52
2011-11-09,45,11,2011,147.0,82.0,135.47,144.93,152.02
2011-11-16,46,11,2011,150.0,81.0,135.47,143.66,147.27
2011-11-23,47,11,2011,151.0,83.0,129.35,146.2,152.02
2011-11-30,48,11,2011,150.0,84.0,123.85,144.93,147.27
2011-12-07,49,12,2011,148.0,85.0,128.43,142.38,140.14
2011-12-14,50,12,2011,147.0,88.0,116.2,142.38,140.14
2011-12-21,51,12,2011,144.0,86.0,107.94,146.2,142.52
2011-12-28,52,12,2011,143.0,84.0,104.58,144.93,137.77
2012-01-04,1,1,2012,143.0,84.0,104.89,142.38,140.14
2012-01-11,2,1,2012,144.0,83.0,111.0,142.38,137.77
2012-01-18,3,1,2012,145.0,83.0,110.7,129.67,128.27
2012-01-25,4,1,2012,145.0,85.0,117.73,129.67,128.27
2012-02-01,5,1,2012,145.0,84.0,141.28,124.59,123.52
2012-02-08,6,2,2012,146.0,86.0,120.79,119.5,118.76
2012-02-15,7,2,2012,149.0,85.0,129.35,127.13,137.77
2012-02-22,8,2,2012,149.0,85.0,123.85,127.13,137.77
2012-02-29,9,2,2012,153.0,86.0,117.12,124.59,137.77
2012-03-07,10,3,2012,154.0,86.0,106.11,124.59,142.52
2012-03-14,11,3,2012,156.0,86.0,105.5,124.59,142.52
2012-03-21,12,3,2012,158.0,85.0,110.7,124.59,137.77
2012-03-28,13,3,2012,158.0,85.0,107.94,129.67,140.14
2012-04-04,14,4,2012,156.0,85.0,99.38,129.67,140.14
2012-04-11,15,4,2012,157.0,85.0,97.85,129.67,137.77
2012-04-18,16,4,2012,156.0,82.0,100.3,133.49,140.14
2012-04-25,17,4,2012,154.0,85.0,98.77,136.03,142.52
2012-05-02,18,4,2012,154.0,83.0,103.05,137.3,144.89
2012-05-09,19,5,2012,153.0,86.0,107.03,132.21,137.77
2012-05-16,20,5,2012,151.0,86.0,104.89,127.13,125.89
2012-05-23,21,5,2012,149.0,87.0,98.77,129.67,125.89
2012-05-30,22,5,2012,147.0,87.0,100.91,127.13,121.14
2012-06-06,23,6,2012,145.0,86.0,87.15,123.32,114.01
2012-06-13,24,6,2012,143.0,83.0,86.85,124.59,116.39
2012-06-20,25,6,2012,142.0,81.0,84.7,128.4,128.27
2012-06-27,26,6,2012,139.0,88.0,82.56,123.32,121.14
2012-07-04,27,7,2012,138.0,84.0,97.85,122.04,118.76
2012-07-11,28,7,2012,139.0,85.0,107.94,124.59,128.27
2012-07-18,29,7,2012,139.0,87.0,125.07,128.4,135.39
2012-07-25,30,7,2012,143.0,84.0,107.03,129.67,137.77
2012-08-01,31,7,2012,143.0,85.0,108.56,128.4,133.02
2012-08-08,32,8,2012,145.0,87.0,93.27,127.13,133.02
2012-08-15,33,8,2012,149.0,83.0,111.61,127.13,128.27
2012-08-22,34,8,2012,152.0,83.0,100.91,127.13,128.27
2012-08-29,35,8,2012,154.0,84.0,133.94,127.13,125.89
2012-09-05,36,9,2012,156.0,84.0,152.9,124.59,121.14
2012-09-12,37,9,2012,156.0,88.0,168.19,122.04,114.01
2012-09-19,38,9,2012,156.0,96.0,191.12,122.04,114.01
2012-09-26,39,9,2012,154.0,97.0,185.92,119.5,114.01
2012-10-03,40,9,2012,154.0,96.0,193.57,119.5,114.01
2012-10-10,41,10,2012,154.0,97.0,156.87,124.59,128.27
2012-10-17,42,10,2012,157.0,92.0,152.9,124.59,128.27
2012-10-24,43,10,2012,155.0,90.0,179.81,124.59,133.02
2012-10-31,44,10,2012,152.0,90.0,167.27,120.77,128.27
2012-11-07,45,11,2012,151.0,90.0,181.95,119.5,125.89
2012-11-14,46,11,2012,150.0,90.0,162.99,116.96,123.52
2012-11-21,47,11,2012,150.0,91.0,183.48,116.96,123.52
2012-11-28,48,11,2012,152.0,91.0,187.45,118.23,125.89
2012-12-05,49,12,2012,152.0,90.0,175.83,118.23,123.52
2012-12-12,50,12,2012,151.0,90.0,183.48,115.69,118.76
2012-12-19,51,12,2012,149.0,93.0,175.83,114.42,114.01
2012-12-26,52,12,2012,148.0,94.0,172.16,113.15,114.01
2013-01-02,53,12,2012,148.0,94.0,152.9,113.15,114.01
2013-01-09,1,1,2013,148.0,92.0,114.06,113.15,114.01
2013-01-16,2,1,2013,147.0,92.0,106.42,118.23,128.27
2013-01-23,3,1,2013,147.0,92.0,101.83,116.96,114.01
2013-01-30,4,1,2013,148.0,91.0,100.91,116.96,114.01
2013-02-06,5,2,2013,152.0,92.0,98.77,116.96,114.01
2013-02-13,6,2,2013,155.0,94.0,99.38,116.96,114.01
2013-02-20,7,2,2013,157.0,96.0,99.38,118.23,116.39
2013-02-27,8,2,2013,157.0,92.0,99.99,118.23,118.76
2013-03-06,9,3,2013,156.0,92.0,99.38,119.5,118.76
2013-03-13,10,3,2013,154.0,92.0,99.38,122.04,118.76
2013-03-20,11,3,2013,154.0,93.0,93.88,122.04,118.76
2013-03-27,12,3,2013,151.0,91.0,89.6,124.59,123.52
2013-04-03,13,3,2013,151.0,90.0,80.42,124.59,123.52
2013-04-10,14,4,2013,150.0,89.0,87.15,120.77,118.76
2013-04-17,15,4,2013,149.0,89.0,83.48,120.77,118.76
2013-04-24,16,4,2013,147.0,89.0,0.0,120.77,118.76
2013-05-01,17,4,2013,145.0,91.0,0.0,118.23,116.39
2013-05-08,18,5,2013,145.0,92.0,88.07,114.42,114.01
2013-05-15,19,5,2013,146.0,92.0,85.01,114.42,114.01
2013-05-22,20,5,2013,147.0,92.0,83.48,113.15,111.64
2013-05-29,21,5,2013,146.0,93.0,94.8,114.42,111.64
2013-06-05,22,6,2013,146.0,94.0,96.32,111.87,106.89
2013-06-12,23,6,2013,145.0,94.0,89.6,111.87,106.89
2013-06-19,24,6,2013,145.0,95.0,90.21,115.69,114.01
2013-06-26,25,6,2013,145.0,93.0,98.77,116.96,114.01
2013-07-03,26,6,2013,144.0,93.0,93.88,116.96,114.01
2013-07-10,27,7,2013,144.0,91.0,88.07,115.69,114.01
2013-07-17,28,7,2013,146.0,92.0,86.23,115.69,114.01
2013-07-24,29,7,2013,147.0,92.0,81.03,118.23,117.58
2013-07-31,30,7,2013,148.0,92.0,78.89,116.96,114.01
2013-08-07,31,8,2013,148.0,93.0,87.15,118.23,117.58
2013-08-14,32,8,2013,147.0,92.0,107.64,115.69,114.01
2013-08-21,33,8,2013,147.0,93.0,108.56,114.42,114.01
2013-08-28,34,8,2013,148.0,95.0,119.87,114.42,116.39
2013-09-04,35,9,2013,150.0,97.0,129.96,115.69,118.76
2013-09-11,36,9,2013,150.0,99.0,138.52,120.77,128.27
2013-09-18,37,9,2013,150.0,97.0,168.19,128.4,147.27
2013-09-25,38,9,2013,149.0,106.0,170.63,132.21,152.02
2013-10-02,39,9,2013,148.0,114.0,181.95,147.47,166.27
2013-10-09,40,10,2013,147.0,114.0,168.19,143.66,161.52
2013-10-16,41,10,2013,147.0,115.0,191.12,146.2,156.77
2013-10-23,42,10,2013,147.0,113.0,196.01,141.11,152.02
2013-10-30,43,10,2013,146.0,118.0,188.98,139.84,147.27
2013-11-06,44,11,2013,146.0,131.0,178.28,138.57,144.89
2013-11-13,45,11,2013,145.0,120.0,211.61,138.57,142.52
2013-11-20,46,11,2013,144.0,102.0,198.77,134.76,133.02
2013-11-27,47,11,2013,145.0,108.0,162.07,134.76,133.02
2013-12-04,48,12,2013,147.0,112.0,165.74,138.57,137.77
2013-12-11,49,12,2013,146.0,132.0,164.52,144.93,144.89
2013-12-18,50,12,2013,146.0,135.0,176.44,151.28,149.64
2013-12-25,51,12,2013,146.0,133.0,180.42,147.47,140.14
2014-01-01,52,12,2013,147.0,130.0,179.5,147.47,140.14
2014-01-08,1,1,2014,148.0,133.0,173.69,147.47,140.14
2014-01-15,2,1,2014,147.0,139.0,171.24,144.93,135.39
2014-01-22,3,1,2014,146.0,133.0,169.71,143.66,133.02
2014-01-29,4,1,2014,147.0,119.0,180.42,143.66,133.02
2014-02-05,5,2,2014,149.0,116.0,0.0,143.66,133.02
2014-02-12,6,2,2014,150.0,137.0,179.5,141.11,133.02
2014-02-19,7,2,2014,151.0,129.0,183.48,132.21,128.27
2014-02-26,8,2,2014,152.0,133.0,181.03,134.76,133.02
2014-03-05,9,3,2014,152.0,133.0,189.59,134.76,133.02
2014-03-12,10,3,2014,152.0,151.0,191.12,132.21,133.02
2014-03-19,11,3,2014,151.0,177.0,176.75,134.76,142.52
2014-03-26,12,3,2014,150.0,136.0,143.42,134.76,137.77
2014-04-02,13,3,2014,150.0,144.0,127.21,130.94,133.02
2014-04-09,14,4,2014,149.0,133.0,113.14,127.13,128.27
2014-04-16,15,4,2014,149.0,123.0,117.42,127.13,128.27
2014-04-23,16,4,2014,150.0,130.0,115.28,120.77,125.89
2014-04-30,17,4,2014,150.0,116.0,110.09,120.77,125.89
2014-05-07,18,5,2014,150.0,110.0,111.61,119.5,125.89
2014-05-14,19,5,2014,149.0,97.0,108.56,118.23,123.52
2014-05-21,20,5,2014,148.0,96.0,114.06,120.77,125.89
2014-05-28,21,5,2014,148.0,104.0,110.09,119.5,123.52
2014-06-04,22,6,2014,148.0,104.0,107.94,116.96,118.76
2014-06-11,23,6,2014,147.0,110.0,114.06,114.42,114.01
2014-06-18,24,6,2014,146.0,107.0,112.23,111.87,109.26
2014-06-25,25,6,2014,148.0,110.0,112.84,110.6,109.26
2014-07-02,26,6,2014,148.0,117.0,115.59,106.79,104.51
2014-07-09,27,7,2014,148.0,103.0,105.5,109.33,111.64
2014-07-16,28,7,2014,147.0,121.0,123.85,109.33,114.01
2014-07-23,29,7,2014,146.0,128.0,167.27,108.06,111.64
2014-07-30,30,7,2014,146.0,146.0,171.24,106.79,110.45
2014-08-06,31,8,2014,145.0,134.0,143.11,105.52,109.26
2014-08-13,32,8,2014,145.0,128.0,135.16,105.52,108.08
2014-08-20,33,8,2014,145.0,123.0,142.81,109.33,114.01
2014-08-27,34,8,2014,144.0,118.0,143.42,111.87,116.39
2014-09-03,35,8,2014,144.0,120.0,182.25,116.96,123.52
2014-09-10,36,9,2014,144.0,123.0,203.96,118.23,123.52
2014-09-17,37,9,2014,143.0,134.0,193.57,118.23,123.52
2014-09-24,38,9,2014,143.0,159.0,252.28,115.69,121.14
2014-10-01,39,9,2014,142.0,183.0,326.28,116.96,121.14
2014-10-08,40,10,2014,141.0,169.0,272.77,119.5,116.39
2014-10-15,41,10,2014,140.0,180.0,254.73,116.96,118.76
2014-10-22,42,10,2014,138.0,135.0,266.96,115.69,116.39
2014-10-29,43,10,2014,137.0,131.0,267.57,116.96,116.39
2014-11-05,44,11,2014,137.0,117.0,259.92,116.96,121.14
2014-11-12,45,11,2014,139.0,104.0,234.54,115.69,118.76
2014-11-19,46,11,2014,138.0,98.0,204.58,113.78,116.39
2014-11-26,47,11,2014,137.0,95.0,168.19,110.6,114.01
2014-12-03,48,11,2014,136.0,95.0,175.83,110.6,114.01
2014-12-10,49,12,2014,133.0,97.0,153.81,108.06,109.26
2014-12-17,50,12,2014,129.0,95.0,151.37,105.52,106.89
2014-12-24,51,12,2014,124.0,97.0,136.69,101.7,102.14
2014-12-31,52,12,2014,121.0,96.0,119.26,101.7,102.14
2015-01-07,1,1,2015,118.0,93.0,122.32,99.16,99.76
2015-01-14,2,1,2015,115.0,88.0,144.33,92.8,95.01
2015-01-21,3,1,2015,111.0,93.0,152.9,88.99,92.64
2015-01-28,4,1,2015,108.0,93.0,143.72,86.45,87.89
2015-02-04,5,2,2015,107.0,92.0,134.55,71.19,76.01
2015-02-11,6,2,2015,107.0,95.0,125.37,71.19,76.01
2015-02-18,7,2,2015,108.0,94.0,128.43,69.92,76.01
2015-02-25,8,2,2015,109.0,94.0,137.61,72.46,80.76
2015-03-04,9,3,2015,111.0,90.0,120.18,78.82,80.76
2015-03-11,10,3,2015,111.0,91.0,111.61,81.36,85.51
2015-03-18,11,3,2015,110.0,95.0,121.4,81.36,85.51
2015-03-25,12,3,2015,108.0,92.0,133.02,81.36,85.51
2015-04-01,13,3,2015,107.0,92.0,129.35,81.36,85.51
2015-04-08,14,4,2015,105.0,91.0,134.55,78.82,80.76
2015-04-15,15,4,2015,104.0,89.0,142.81,78.82,80.76
2015-04-22,16,4,2015,105.0,91.0,123.85,78.82,80.76
2015-04-29,17,4,2015,106.0,91.0,123.85,78.82,80.76
2015-05-06,18,5,2015,108.0,91.0,120.79,78.18,80.76
2015-05-13,19,5,2015,109.0,87.0,124.76,76.28,77.2
2015-05-20,20,5,2015,110.0,88.0,116.2,76.28,77.2
2015-05-27,21,5,2015,110.0,87.0,112.53,76.91,78.38
2015-06-03,22,5,2015,110.0,86.0,114.06,76.28,78.38
2015-06-10,23,6,2015,109.0,86.0,113.14,76.79,78.38
2015-06-17,24,6,2015,108.0,87.0,120.79,78.82,81.95
2015-06-24,25,6,2015,108.0,88.0,,82.63,87.89
2015-07-01,26,6,2015,107.0,88.0,,81.36,85.51
2015-07-08,27,7,2015,107.0,90.0,129.96,81.36,85.51
2015-07-15,28,7,2015,106.0,92.0,116.81,82.63,87.89
2015-07-22,29,7,2015,105.0,91.0,114.67,91.53,92.64
2015-07-29,30,7,2015,103.0,91.0,107.03,90.26,90.26
2015-08-05,31,8,2015,101.0,90.0,100.3,88.99,87.89
2015-08-12,32,8,2015,99.0,89.0,103.05,87.72,86.7
2015-08-19,33,8,2015,99.0,88.0,96.94,90.26,89.07
2015-08-26,34,8,2015,97.0,89.0,103.97,91.53,91.45
2015-09-02,35,8,2015,95.0,87.0,122.32,91.53,90.26
2015-09-09,36,9,2015,96.0,89.0,135.47,91.53,90.26
2015-09-16,37,9,2015,95.0,89.0,152.9,87.72,85.51
2015-09-23,38,9,2015,94.0,99.0,184.39,86.45,85.51
2015-09-30,39,9,2015,93.0,103.0,197.85,84.54,84.32
2015-10-07,40,10,2015,94.0,95.0,181.03,83.91,84.32
2015-10-14,41,10,2015,96.0,94.0,152.9,83.91,84.32
2015-10-21,42,10,2015,96.0,86.0,158.09,84.54,84.32
2015-10-28,43,10,2015,94.0,86.0,128.43,76.91,80.76
2015-11-04,44,11,2015,94.0,84.0,110.7,78.18,80.76
2015-11-11,45,11,2015,94.0,84.0,95.71,78.18,80.76
2015-11-18,46,11,2015,94.0,84.0,103.97,77.55,78.38
2015-11-25,47,11,2015,92.0,84.0,84.09,75.01,73.63
2015-12-02,48,11,2015,91.0,86.0,85.62,,
2015-12-09,49,12,2015,90.0,85.0,85.62,67.38,68.88
2015-12-16,50,12,2015,88.0,86.0,88.68,64.84,66.51
2015-12-23,51,12,2015,86.0,85.0,84.09,64.2,66.51
2015-12-30,52,12,2015,84.339622,85.0,86.54,,
2016-01-06,1,1,2016,83.0,85.0,91.74,64.2,66.51
2016-01-13,2,1,2016,82.0,86.0,87.15,64.2,66.51
2016-01-20,3,1,2016,80.0,88.0,85.62,62.29,64.13
2016-01-27,4,1,2016,78.0,88.0,93.27,59.12,61.76
2016-02-03,5,1,2016,77.0,88.0,90.51,57.84,59.38
2016-02-10,6,2,2016,76.0,87.0,84.7,57.21,59.38
2016-02-17,7,2,2016,75.0,89.0,78.89,57.84,60.57
2016-02-24,8,2,2016,75.0,87.0,77.98,57.21,61.76
2016-03-02,9,2,2016,75.0,86.0,70.33,57.21,61.76
2016-03-09,10,3,2016,76.0,85.0,68.8,57.84,62.95
2016-03-16,11,3,2016,79.0,85.0,71.25,59.75,66.51
2016-03-23,12,3,2016,80.0,87.0,75.84,58.48,66.51
2016-03-30,13,3,2016,80.0,85.0,85.62,58.48,66.51
2016-04-06,14,4,2016,80.0,85.0,85.62,59.75,66.51
2016-04-13,15,4,2016,80.0,85.0,85.01,61.02,68.88
2016-04-20,16,4,2016,82.0,85.0,88.07,62.29,70.07
2016-04-27,17,4,2016,83.0,86.0,81.95,63.56,71.26
2016-05-04,18,5,2016,86.0,85.0,80.42,63.56,71.26
2016-05-11,19,5,2016,86.0,85.0,79.51,63.56,71.26
2016-05-18,20,5,2016,87.0,85.0,78.89,64.84,73.63
2016-05-25,21,5,2016,89.0,88.0,71.86,67.38,76.01
2016-06-01,22,5,2016,90.0,87.0,74.0,69.29,78.38
2016-06-08,23,6,2016,91.0,88.0,83.48,71.19,77.2
2016-06-15,24,6,2016,92.0,89.0,95.71,71.83,76.01
2016-06-22,25,6,2016,92.0,89.0,123.85,71.83,73.63
2016-06-29,26,6,2016,92.0,89.0,122.32,73.1,76.01
2016-07-06,27,7,2016,91.0,91.0,138.52,74.37,76.01
2016-07-13,28,7,2016,91.0,91.0,118.49,79.46,80.76
2016-07-20,29,7,2016,91.0,94.0,129.04,79.46,83.14
2016-07-27,30,7,2016,90.0,95.0,120.79,79.46,83.14
2016-08-03,31,7,2016,89.0,97.0,120.18,75.01,78.38
2016-08-10,32,8,2016,87.0,101.0,111.0,71.83,76.01
2016-08-17,33,8,2016,87.0,103.0,119.26,71.83,76.01
2016-08-24,34,8,2016,89.0,106.0,119.26,74.37,78.38
2016-08-31,35,8,2016,91.0,109.0,117.73,75.01,78.38
2016-09-07,36,9,2016,91.0,107.0,123.85,76.28,78.38
2016-09-14,37,9,2016,91.0,94.0,132.41,77.55,78.38
2016-09-21,38,9,2016,90.0,116.0,127.82,76.28,77.2
2016-09-28,39,9,2016,90.0,112.0,163.6,76.91,78.38
2016-10-05,40,10,2016,90.0,114.0,133.94,76.28,78.38
2016-10-12,41,10,2016,92.0,110.0,105.5,75.64,77.2
2016-10-19,42,10,2016,94.0,109.0,112.53,76.91,83.14
2016-10-26,43,10,2016,94.0,100.0,156.87,80.73,85.51
2016-11-02,44,10,2016,94.0,94.0,137.61,80.73,85.51
2016-11-09,45,11,2016,93.0,94.0,91.74,80.73,84.32
2016-11-16,46,11,2016,92.0,94.0,78.89,81.36,84.32
2016-11-23,47,11,2016,91.0,93.0,74.92,90.26,95.01
2016-11-30,48,11,2016,91.0,93.0,73.39,90.26,91.45
2016-12-07,49,12,2016,94.0,93.0,71.25,94.08,95.01
2016-12-14,50,12,2016,94.0,93.0,79.51,95.35,95.01
2016-12-21,51,12,2016,95.0,96.0,85.01,93.44,91.45
2016-12-28,52,12,2016,96.0,104.0,83.48,90.26,86.7
2017-01-04,1,1,2017,98.0,107.0,81.95,90.26,86.7
2017-01-11,2,1,2017,98.0,109.0,97.85,88.99,84.32
2017-01-18,3,1,2017,98.0,114.0,105.5,88.99,85.51
2017-01-25,4,1,2017,97.0,110.0,114.67,89.63,85.51
2017-02-01,5,1,2017,97.0,116.0,94.18,90.26,85.51
2017-02-08,6,2,2017,97.0,119.0,105.5,89.63,84.32
2017-02-15,7,2,2017,97.0,137.0,96.32,90.9,86.7
2017-02-22,8,2,2017,97.0,119.0,88.68,90.9,87.89
2017-03-01,9,2,2017,97.0,130.0,94.18,92.8,90.26
2017-03-08,10,3,2017,97.0,142.0,93.88,94.71,93.82
2017-03-15,11,3,2017,97.0,104.0,94.8,99.16,100.95
2017-03-22,12,3,2017,96.0,92.0,81.95,97.89,99.76
2017-03-29,13,3,2017,96.0,97.0,77.98,96.62,97.39
2017-04-05,14,4,2017,96.0,89.0,77.98,99.16,100.95
2017-04-12,15,4,2017,97.0,89.0,74.31,99.16,99.76
2017-04-19,16,4,2017,98.0,91.0,74.92,102.34,105.7
2017-04-26,17,4,2017,98.0,90.0,72.78,102.97,104.51
2017-05-03,18,4,2017,97.0,90.0,81.03,101.07,99.76
2017-05-10,19,5,2017,97.0,92.0,93.27,98.53,96.2
2017-05-17,20,5,2017,96.0,93.0,81.03,97.25,93.82
2017-05-24,21,5,2017,96.0,97.0,80.42,94.71,92.64
2017-05-31,22,5,2017,97.0,103.0,85.01,94.08,90.26
2017-06-07,23,6,2017,97.0,95.0,81.95,92.8,87.89
2017-06-14,24,6,2017,95.0,92.0,77.98,91.53,85.51
2017-06-21,25,6,2017,94.0,93.0,90.21,92.17,87.89
2017-06-28,26,6,2017,93.0,93.0,97.24,93.44,90.26
2017-07-05,27,7,2017,93.0,91.0,88.07,94.71,90.26
2017-07-12,28,7,2017,94.0,90.0,95.41,94.08,90.26
2017-07-19,29,7,2017,94.0,92.0,94.18,95.35,91.45
2017-07-26,30,7,2017,95.0,92.0,91.13,97.25,93.82
2017-08-02,31,7,2017,96.0,92.0,91.13,95.35,91.45
2017-08-09,32,8,2017,97.0,91.0,90.21,94.08,90.26
2017-08-16,33,8,2017,211.0,92.0,94.18,94.08,90.26
2017-08-23,34,8,2017,98.0,93.0,104.58,99.16,95.01
2017-08-30,35,8,2017,98.0,99.0,102.44,100.43,97.39
2017-09-06,36,9,2017,104.0,101.0,103.36,98.53,95.01
2017-09-13,37,9,2017,106.0,97.0,105.5,101.7,102.14
2017-09-20,38,9,2017,105.0,99.0,133.02,108.06,111.64
2017-09-27,39,9,2017,105.0,103.0,187.45,108.7,114.01
2017-10-04,40,10,2017,105.0,101.0,236.99,107.42,111.64
2017-10-11,41,10,2017,105.0,102.0,126.29,105.52,109.26
2017-10-18,42,10,2017,105.0,104.0,129.96,108.06,114.01
2017-10-25,43,10,2017,106.0,96.0,122.32,111.87,121.14
2017-11-01,44,10,2017,106.0,94.0,135.47,110.6,117.58
2017-11-08,45,11,2017,109.0,93.0,122.32,109.33,116.39
2017-11-15,46,11,2017,110.0,95.0,116.2,109.33,116.39
2017-11-22,47,11,2017,110.0,97.0,95.71,107.42,114.01
2017-11-29,48,11,2017,110.0,96.0,91.74,,
2017-12-06,49,12,2017,110.0,97.0,87.15,112.51,117.58
2017-12-13,50,12,2017,110.0,96.0,85.01,112.51,117.58
2017-12-20,51,12,2017,109.0,95.0,85.01,115.69,119.95
2017-12-27,52,12,2017,110.0,98.0,89.6,112.51,117.58
2018-01-03,53,12,2017,112.0,100.0,103.36,,
2018-01-10,1,1,2018,113.0,98.0,109.47,109.33,114.01
2018-01-17,2,1,2018,114.0,102.0,122.32,113.78,116.39
2018-01-24,3,1,2018,114.0,99.0,100.61,113.15,116.39
2018-01-31,4,1,2018,113.0,100.0,109.47,113.78,118.76
2018-02-07,5,2,2018,116.0,98.0,111.0,112.51,116.39
2018-02-14,6,2,2018,116.0,103.0,114.06,109.33,110.45
2018-02-21,7,2,2018,114.0,107.0,116.2,109.33,110.45
2018-02-28,8,2,2018,113.0,117.0,119.26,111.87,112.83
2018-03-07,9,3,2018,113.0,112.0,144.95,113.15,114.01
2018-03-14,10,3,2018,112.0,112.0,174.3,114.42,114.01
2018-03-21,11,3,2018,112.0,100.0,145.25,115.05,116.39
2018-03-28,12,3,2018,114.0,103.0,149.23,115.05,116.39
2018-04-04,13,4,2018,115.0,106.0,170.63,114.42,116.39
2018-04-11,14,4,2018,115.0,105.0,181.03,111.87,115.2
2018-04-18,15,4,2018,117.0,108.0,197.24,111.87,115.2
2018-04-25,16,4,2018,118.0,111.0,162.07,111.87,114.01
2018-05-02,17,4,2018,119.0,109.0,133.94,112.51,114.01
2018-05-09,18,5,2018,120.0,102.0,141.58,112.51,114.01
2018-05-16,19,5,2018,122.0,106.0,145.25,111.87,116.39
2018-05-23,20,5,2018,124.0,103.0,147.39,111.87,116.39
2018-05-30,21,5,2018,124.0,104.0,149.84,110.6,115.2
2018-06-06,22,6,2018,124.0,106.0,163.6,106.79,115.2
2018-06-13,23,6,2018,123.0,102.0,173.69,109.33,116.39
2018-06-20,24,6,2018,122.0,106.0,139.44,111.87,118.76
2018-06-27,25,6,2018,121.0,105.0,136.69,110.6,117.58
2018-07-04,26,7,2018,122.0,108.0,128.13,109.97,116.39
2018-07-11,27,7,2018,122.0,105.0,127.21,110.6,117.58
2018-07-18,28,7,2018,122.0,105.0,126.29,111.87,117.58
2018-07-25,29,7,2018,122.0,99.0,136.08,111.87,117.58
2018-08-01,30,7,2018,122.0,98.0,165.74,111.87,117.58
2018-08-08,31,8,2018,122.0,97.0,181.95,111.24,115.2
2018-08-15,32,8,2018,121.0,99.0,160.54,111.87,115.2
2018-08-22,33,8,2018,121.0,101.0,142.19,114.42,117.58
2018-08-29,34,8,2018,122.0,98.0,181.33,116.96,118.76
2018-09-05,35,9,2018,123.0,99.0,164.52,116.96,118.76
2018-09-12,36,9,2018,123.0,96.0,149.23,116.96,118.76
2018-09-19,37,9,2018,123.0,97.0,158.4,117.59,118.76
2018-09-26,38,9,2018,123.0,99.0,147.7,118.87,121.14
2018-10-03,39,9,2018,125.0,102.0,159.93,120.14,125.89
2018-10-10,40,10,2018,128.0,100.0,152.9,120.77,127.08
2018-10-17,41,10,2018,128.0,98.0,155.34,125.86,131.83
2018-10-24,42,10,2018,128.0,102.0,155.34,126.49,131.83
2018-10-31,43,10,2018,127.0,100.0,145.25,125.22,130.64
2018-11-07,44,11,2018,126.0,97.0,109.47,124.59,129.45
2018-11-14,45,11,2018,125.0,96.0,102.44,123.32,128.27
2018-11-21,46,11,2018,124.0,96.0,97.85,122.04,127.08
2018-11-28,47,11,2018,123.0,98.0,98.77,,
2018-12-05,48,12,2018,121.0,99.0,103.97,122.04,124.7
2018-12-12,49,12,2018,119.0,99.0,126.29,122.04,123.52
2018-12-19,50,12,2018,118.0,97.0,137.61,122.04,122.33
2018-12-26,51,12,2018,116.0,102.0,117.12,122.04,122.33
2019-01-02,52,12,2018,115.0,102.0,118.65,,
2019-01-09,1,1,2019,114.0,97.0,122.32,119.5,118.76
2019-01-16,2,1,2019,112.0,97.0,133.94,114.42,114.01
2019-01-23,3,1,2019,112.0,101.0,137.61,109.33,111.64
2019-01-30,4,1,2019,112.0,101.0,141.58,104.25,109.26
2019-02-06,5,2,2019,112.0,107.0,137.61,99.16,104.51
2019-02-13,6,2,2019,112.0,111.0,164.52,96.62,102.14
2019-02-20,7,2,2019,113.0,126.0,160.54,99.16,104.51
2019-02-27,8,2,2019,115.0,127.0,183.48,99.8,105.7
2019-03-06,9,3,2019,116.0,142.0,160.54,100.43,108.08
2019-03-13,10,3,2019,116.0,138.0,151.37,101.7,109.26
2019-03-20,11,3,2019,116.0,134.0,143.72,101.7,109.26
2019-03-27,12,3,2019,116.0,115.0,160.54,104.25,111.64
2019-04-03,13,3,2019,116.0,108.0,137.61,105.52,112.83
2019-04-10,14,4,2019,117.0,114.0,123.23,106.79,112.83
2019-04-17,15,4,2019,118.0,106.0,116.2,106.79,111.64
2019-04-24,16,4,2019,119.0,99.0,115.59,106.79,109.26
2019-05-01,17,4,2019,120.0,103.0,117.73,107.42,109.26
2019-05-08,18,5,2019,120.0,99.0,,108.06,109.26
2019-05-15,19,5,2019,119.0,102.0,,108.06,109.26
2019-05-22,20,5,2019,119.0,98.0,126.29,109.33,111.64
2019-05-29,21,5,2019,119.0,100.0,,110.6,114.01
2019-06-05,22,6,2019,118.0,102.0,,111.87,115.2
2019-06-12,23,6,2019,117.0,106.0,,111.24,114.01
2019-06-19,24,6,2019,116.0,105.0,161.46,109.97,112.83
2019-06-26,25,6,2019,115.0,105.0,141.58,108.7,112.83
2019-07-03,26,6,2019,115.0,99.0,149.23,109.33,112.83
2019-07-10,27,7,2019,115.0,101.0,138.52,113.15,115.2
2019-07-17,28,7,2019,115.0,101.0,152.9,118.23,121.14
2019-07-24,29,7,2019,115.0,100.0,162.99,125.86,128.27
2019-07-31,30,7,2019,114.0,98.0,157.79,128.4,133.02
2019-08-07,31,8,2019,114.0,98.0,164.52,125.86,130.64
2019-08-14,32,8,2019,114.0,99.0,158.71,124.59,128.27
2019-08-21,33,8,2019,113.0,99.0,144.03,128.4,131.83
2019-08-28,34,8,2019,113.0,98.0,143.11,129.67,135.39
2019-09-04,35,9,2019,112.0,96.0,134.24,131.58,138.95
2019-09-11,36,9,2019,112.0,96.0,120.18,133.49,142.52
2019-09-18,37,9,2019,113.0,98.0,115.9,132.21,141.33
2019-09-25,38,9,2019,116.0,97.0,113.75,132.85,140.14
2019-10-02,39,9,2019,116.0,97.0,110.09,130.94,136.58
2019-10-09,40,10,2019,115.0,103.0,117.42,130.31,135.39
2019-10-16,41,10,2019,115.0,103.0,113.14,130.94,135.39
2019-10-23,42,10,2019,115.0,105.0,120.48,130.94,135.39
2019-10-30,43,10,2019,116.0,101.0,112.23,128.4,133.02
2019-11-06,44,11,2019,116.0,105.0,105.19,125.86,128.27
2019-11-13,45,11,2019,116.0,105.0,123.23,123.32,124.7
2019-11-20,46,11,2019,116.0,101.0,121.09,118.23,117.58
2019-11-27,47,11,2019,116.0,102.0,113.45,117.59,117.58
2019-12-04,48,12,2019,116.0,96.0,107.33,,
2019-12-11,49,12,2019,115.0,92.0,104.89,118.87,119.95
2019-12-18,50,12,2019,115.0,96.0,103.36,120.14,122.33
2019-12-25,51,12,2019,115.0,96.0,97.24,118.23,121.14
2020-01-01,52,12,2019,116.0,97.0,96.32,,
2020-01-08,1,1,2020,116.0,95.0,94.8,116.32,118.76
2020-01-15,2,1,2020,116.0,94.0,102.13,114.42,115.2
2020-01-22,3,1,2020,115.0,103.0,101.83,116.96,117.58
2020-01-29,4,1,2020,114.0,103.0,99.69,115.69,117.58
2020-02-05,5,2,2020,112.0,100.0,93.88,114.42,115.2
2020-02-12,6,2,2020,110.0,97.0,90.51,106.79,104.51
2020-02-19,7,2,2020,109.0,97.0,89.29,108.7,105.7
2020-02-26,8,2,2020,109.0,102.0,86.85,109.97,108.08
2020-03-04,9,3,2020,108.0,100.0,88.07,110.6,111.64
2020-03-11,10,3,2020,106.0,103.0,84.09,111.24,112.83
2020-03-18,11,3,2020,103.0,100.0,85.01,109.97,110.45
2020-03-25,12,3,2020,100.0,103.0,92.96,104.88,100.95
2020-04-01,13,3,2020,98.0,102.0,100.91,99.16,95.01
2020-04-08,14,4,2020,96.0,102.0,100.91,98.53,93.82
2020-04-15,15,4,2020,95.0,102.0,94.18,98.53,93.82
2020-04-22,16,4,2020,94.0,102.0,86.54,97.25,93.82
2020-04-29,17,4,2020,92.0,101.0,82.87,94.71,91.45
2020-05-06,18,5,2020,91.0,100.0,78.59,91.53,89.07
2020-05-13,19,5,2020,90.0,98.0,79.2,88.99,86.7
2020-05-20,20,5,2020,90.0,100.0,85.32,86.45,84.32
2020-05-27,21,5,2020,90.0,101.0,88.07,86.45,84.32
2020-06-03,22,5,2020,90.0,101.0,86.54,87.08,85.51
2020-06-10,23,6,2020,90.0,102.0,89.9,88.99,87.89
2020-06-17,24,6,2020,91.0,104.0,81.95,90.26,89.07
2020-06-24,25,6,2020,92.0,101.0,86.54,95.98,95.01
2020-07-01,26,6,2020,92.0,102.0,88.07,99.8,97.39
2020-07-08,27,7,2020,92.0,101.0,90.21,100.43,97.39
2020-07-15,28,7,2020,92.0,102.0,88.99,100.43,99.76
2020-07-22,29,7,2020,92.0,105.0,104.89,108.06,102.14
2020-07-29,30,7,2020,92.0,106.0,114.67,105.52,98.57
2020-08-05,31,8,2020,91.0,111.0,111.31,105.52,103.33
2020-08-12,32,8,2020,92.0,106.0,105.19,108.06,108.08
2020-08-19,33,8,2020,92.0,106.0,113.14,113.15,115.2
2020-08-26,34,8,2020,92.0,112.0,111.0,113.15,115.2
2020-09-02,35,8,2020,92.0,117.0,111.61,114.42,117.58
2020-09-09,36,9,2020,92.0,109.0,109.47,114.42,117.58
2020-09-16,37,9,2020,91.0,115.0,118.65,111.87,114.01
2020-09-23,38,9,2020,91.0,122.0,138.22,110.6,112.83
2020-09-30,39,9,2020,90.0,126.0,145.86,109.97,112.83
2020-10-07,40,10,2020,90.0,116.0,156.87,109.97,112.83
2020-10-14,41,10,2020,90.0,114.0,193.87,109.97,112.83
2020-10-21,42,10,2020,90.0,113.0,192.34,109.33,112.83
2020-10-28,43,10,2020,90.0,108.0,157.79,108.06,112.83
2020-11-04,44,11,2020,90.0,109.0,182.25,108.06,111.64
2020-11-11,45,11,2020,90.0,107.0,203.35,107.42,110.45
2020-11-18,46,11,2020,92.0,101.0,157.48,104.88,108.08
2020-11-25,47,11,2020,93.0,100.0,141.58,105.52,109.26
2020-12-02,48,11,2020,94.0,101.0,142.19,,
2020-12-09,49,12,2020,95.0,100.0,127.52,105.52,110.45
2020-12-16,50,12,2020,97.0,106.0,131.8,105.52,110.45
2020-12-23,51,12,2020,99.0,108.0,126.29,106.79,112.83
2020-12-30,52,12,2020,99.0,110.0,127.82,,
2021-01-06,1,1,2021,100.0,108.0,127.82,106.79,112.83
2021-01-13,2,1,2021,101.0,104.0,136.08,109.97,116.39
2021-01-20,3,1,2021,102.0,109.0,140.66,116.96,125.89
2021-01-27,4,1,2021,102.0,109.0,120.79,117.59,125.89
2021-02-03,5,1,2021,103.0,103.0,128.43,118.23,127.08
2021-02-10,6,2,2021,106.0,100.0,127.21,118.87,127.08
2021-02-17,7,2,2021,109.0,107.0,132.71,124.59,128.27
2021-02-24,8,2,2021,112.0,105.0,132.71,137.3,153.21
2021-03-03,9,2,2021,116.0,101.0,116.51,146.2,153.21
2021-03-10,10,3,2021,119.0,108.0,113.75,146.2,153.21
2021-03-17,11,3,2021,120.0,106.0,116.51,146.83,154.39
2021-03-24,12,3,2021,121.0,105.0,115.59,153.19,166.27
2021-03-31,13,3,2021,119.0,101.0,113.75,156.37,171.02
2021-04-07,14,4,2021,119.0,104.0,109.78,156.37,171.02
2021-04-14,15,4,2021,118.0,109.0,103.36,155.1,168.65
2021-04-21,16,4,2021,118.0,102.0,105.5,147.47,161.52
2021-04-28,17,4,2021,118.0,101.0,105.8,158.91,173.4
2021-05-05,18,5,2021,119.0,99.0,103.97,160.18,173.4
2021-05-12,19,5,2021,120.0,100.0,118.65,165.27,180.52
2021-05-19,20,5,2021,123.0,100.0,114.37,170.35,187.65
2021-05-26,21,5,2021,123.0,97.0,115.59,167.81,182.9
2021-06-02,22,5,2021,123.0,96.0,101.83,167.81,182.9
2021-06-09,23,6,2021,124.0,96.0,94.18,167.81,181.71
2021-06-16,24,6,2021,124.0,96.0,92.96,172.9,185.27
2021-06-23,25,6,2021,124.0,96.0,90.21,186.88,201.9
2021-06-30,26,6,2021,125.0,96.0,85.93,190.69,204.28
2021-07-07,27,7,2021,126.0,97.0,84.09,208.49,218.53
2021-07-14,28,7,2021,126.0,97.0,84.09,216.12,219.71
2021-07-21,29,7,2021,126.0,98.0,84.4,213.58,213.78
2021-07-28,30,7,2021,126.0,99.0,85.62,205.95,209.03
2021-08-04,31,8,2021,127.0,101.0,103.05,205.95,204.28
2021-08-11,32,8,2021,127.0,100.0,106.42,200.86,204.28
2021-08-18,33,8,2021,127.0,100.0,113.14,200.86,204.28
2021-08-25,34,8,2021,125.0,102.0,115.59,207.22,209.03
2021-09-01,35,8,2021,126.0,102.0,131.49,208.49,211.4
2021-09-08,36,9,2021,127.0,104.0,172.16,209.13,212.59
2021-09-15,37,9,2021,127.0,108.0,183.17,204.04,210.21
2021-09-22,38,9,2021,128.0,120.0,216.81,207.22,213.78
2021-09-29,39,9,2021,129.0,117.0,238.21,209.76,216.15
2021-10-06,40,10,2021,131.0,110.0,211.61,214.21,220.9
2021-10-13,41,10,2021,135.0,106.0,151.37,214.21,220.9
2021-10-20,42,10,2021,139.0,107.0,192.65,215.48,223.28
2021-10-27,43,10,2021,140.0,109.0,179.81,231.38,237.53
2021-11-03,44,10,2021,141.0,110.0,144.64,227.56,232.78
2021-11-10,45,11,2021,141.0,112.0,155.34,214.85,214.96
2021-11-17,46,11,2021,141.0,113.0,139.75,198.32,199.52
2021-11-24,47,11,2021,141.0,113.0,143.11,177.98,178.15
2021-12-01,48,11,2021,140.0,113.0,146.78,,
2021-12-08,49,12,2021,139.0,113.0,174.91,180.52,178.15
2021-12-15,50,12,2021,138.0,126.0,200.29,184.34,185.27
2021-12-22,51,12,2021,137.0,124.0,225.67,177.98,176.96
2021-12-29,52,12,2021,136.0,134.0,218.64,,
2022-01-05,1,1,2022,136.0,140.0,172.47,175.44,176.96
2022-01-12,2,1,2022,138.0,153.0,214.05,179.25,184.09
2022-01-19,3,1,2022,141.0,136.0,259.92,174.17,178.15
2022-01-26,4,1,2022,143.0,132.0,262.98,164.0,166.27
2022-02-02,5,1,2022,145.0,130.0,266.35,158.91,163.9
2022-02-09,6,2,2022,149.0,122.0,220.48,155.1,161.52
2022-02-16,7,2,2022,152.0,108.0,211.91,165.27,171.02
2022-02-23,8,2,2022,153.0,108.0,170.02,167.81,172.21
2022-03-02,9,2,2022,155.0,110.0,188.67,174.17,181.71
2022-03-09,10,3,2022,183.0,118.0,273.07,180.52,186.46
2022-03-16,11,3,2022,198.0,134.0,302.73,200.86,210.21
2022-03-23,12,3,2022,194.0,148.0,258.7,189.42,203.09
2022-03-30,13,3,2022,196.0,154.0,248.92,199.59,209.03
2022-04-06,14,4,2022,194.0,130.0,273.38,199.59,209.03
2022-04-13,15,4,2022,191.0,147.0,246.16,197.05,207.84
2022-04-20,16,4,2022,192.0,152.0,186.84,199.59,210.21
2022-04-27,17,4,2022,195.0,144.0,173.38,200.86,212.59
2022-05-04,18,5,2022,208.0,133.0,168.8,200.86,210.21
2022-05-11,19,5,2022,212.0,152.0,159.93,202.14,211.4
2022-05-18,20,5,2022,212.0,138.0,142.81,208.49,220.9
2022-05-25,21,5,2022,210.0,125.0,133.02,209.76,223.28
2022-06-01,22,5,2022,209.0,129.0,134.85,207.22,223.28
2022-06-08,23,6,2022,215.0,132.0,133.02,204.04,218.53
2022-06-15,24,6,2022,216.0,117.0,143.42,202.14,214.96
2022-06-22,25,6,2022,219.0,110.0,149.53,202.14,214.96
2022-06-29,26,6,2022,218.0,109.0,129.66,200.86,213.78
2022-07-06,27,7,2022,214.0,112.0,123.54,194.51,209.03
2022-07-13,28,7,2022,210.0,113.0,124.76,190.69,205.46
2022-07-20,29,7,2022,205.0,114.0,140.36,180.52,194.77
2022-07-27,30,7,2022,199.0,114.0,151.37,175.44,192.4
2022-08-03,31,7,2022,194.0,113.0,138.83,174.17,192.4
2022-08-10,32,8,2022,188.0,116.0,136.69,169.08,187.65
2022-08-17,33,8,2022,185.0,117.0,137.0,166.54,180.52
2022-08-24,34,8,2022,185.0,125.0,141.89,160.18,173.4
2022-08-31,35,8,2022,193.0,118.0,156.87,156.37,168.65
2022-09-07,36,9,2022,192.0,117.0,197.85,144.93,159.14
2022-09-14,37,9,2022,190.0,120.0,249.83,147.47,159.14
2022-09-21,38,9,2022,187.0,147.0,291.11,156.37,173.4
2022-09-28,39,9,2022,184.0,136.0,353.8,155.1,171.02
2022-10-05,40,10,2022,182.0,153.0,575.2,155.1,171.02
2022-10-12,41,10,2022,197.0,160.0,634.52,155.73,171.02
2022-10-19,42,10,2022,201.0,167.0,592.63,162.09,175.77
2022-10-26,43,10,2022,202.0,153.0,632.07,160.82,175.77
2022-11-02,44,10,2022,201.0,159.0,588.65,157.64,168.65
2022-11-09,45,11,2022,201.0,136.0,372.15,147.47,161.52
2022-11-16,46,11,2022,200.0,136.0,368.79,146.2,161.52
2022-11-23,47,11,2022,197.0,125.0,288.67,147.47,157.96
2022-11-30,48,11,2022,194.0,128.0,287.14,,
2022-12-07,49,12,2022,187.0,132.0,268.49,144.93,153.21
2022-12-14,50,12,2022,179.0,131.0,280.11,145.56,152.02
2022-12-21,51,12,2022,173.0,138.0,286.22,144.93,152.02
2022-12-28,52,12,2022,171.0,146.0,282.86,,
2023-01-04,1,1,2023,173.0,147.0,270.93,142.38,149.64
2023-01-11,2,1,2023,172.0,137.0,198.15,137.3,144.89
2023-01-18,3,1,2023,171.0,132.0,192.65,132.85,134.2
2023-01-25,4,1,2023,174.0,126.0,200.6,130.94,134.2
2023-02-01,5,1,2023,174.0,120.0,204.88,130.94,134.2
2023-02-08,6,2,2023,171.0,116.0,183.17,127.13,134.2
2023-02-15,7,2,2023,168.0,114.0,156.87,122.04,130.64
2023-02-22,8,2,2023,165.0,116.0,153.51,121.41,123.52
2023-03-01,9,2,2023,162.0,116.0,145.56,123.32,125.89
2023-03-08,10,3,2023,162.0,114.0,148.92,133.49,137.77
2023-03-15,11,3,2023,160.0,117.0,152.28,133.49,140.14
2023-03-22,12,3,2023,158.0,116.0,162.07,136.03,144.89
2023-03-29,13,3,2023,156.0,116.0,174.61,132.21,137.77
2023-04-05,14,4,2023,155.0,114.0,171.55,132.21,137.77
2023-04-12,15,4,2023,155.0,115.0,162.38,141.11,142.52
2023-04-19,16,4,2023,155.0,116.0,142.81,141.75,142.52
2023-04-26,17,4,2023,154.0,115.0,125.68,139.21,142.52
2023-05-03,18,4,2023,152.0,113.0,107.03,139.21,142.52
2023-05-10,19,5,2023,148.0,113.0,87.76,135.39,142.52
2023-05-17,20,5,2023,147.0,112.0,88.07,130.31,135.39
2023-05-24,21,5,2023,147.0,112.0,83.48,129.67,134.2
2023-05-31,22,5,2023,145.0,112.0,77.98,127.13,130.64
2023-06-07,23,6,2023,143.0,112.0,74.92,122.04,125.89
2023-06-14,24,6,2023,143.0,112.0,72.17,122.04,125.89
2023-06-21,25,6,2023,144.0,112.0,73.08,123.32,128.27
2023-06-28,26,6,2023,143.0,112.0,74.0,123.32,125.89
2023-07-05,27,7,2023,142.0,110.0,79.2,120.77,123.52
2023-07-12,28,7,2023,144.0,111.0,94.8,117.59,121.14
2023-07-19,29,7,2023,144.0,114.0,112.53,118.87,122.33
2023-07-26,30,7,2023,148.0,114.0,116.51,118.23,121.14
2023-08-02,31,7,2023,156.0,114.0,120.79,114.42,118.76
2023-08-09,32,8,2023,160.0,113.0,126.29,118.23,123.52
2023-08-16,33,8,2023,165.0,113.0,122.93,122.04,123.52
2023-08-23,34,8,2023,166.0,115.0,121.71,132.21,130.64
2023-08-30,35,8,2023,169.0,116.0,178.58,132.21,130.64
2023-09-06,36,9,2023,170.0,116.0,197.24,136.03,135.39
2023-09-13,37,9,2023,171.0,120.0,233.93,137.3,137.77
2023-09-20,38,9,2023,175.0,129.0,256.56,137.3,137.77
2023-09-27,39,9,2023,173.0,133.0,305.79,146.2,144.89
2023-10-04,40,10,2023,173.0,127.0,302.12,146.2,144.89
2023-10-11,41,10,2023,170.0,126.0,201.21,146.2,144.89
2023-10-18,42,10,2023,168.0,119.0,179.19,144.93,142.52
2023-10-25,43,10,2023,172.0,120.0,194.48,144.93,141.33
2023-11-01,44,10,2023,168.0,120.0,172.16,144.93,140.14
2023-11-08,45,11,2023,165.0,121.0,156.87,142.38,136.58
2023-11-15,46,11,2023,162.0,124.0,151.37,142.38,137.77
2023-11-22,47,11,2023,159.0,125.0,141.58,144.93,140.14
2023-11-29,48,11,2023,156.0,125.0,130.88,,
2023-12-06,49,12,2023,154.0,124.0,121.4,159.55,154.39
2023-12-13,50,12,2023,150.0,125.0,114.67,162.09,156.77
2023-12-20,51,12,2023,147.0,126.0,115.59,154.46,150.83
2023-12-27,52,12,2023,148.0,126.0,122.62,,
2024-01-03,53,12,2023,146.0,125.0,123.54,154.46,150.83
2024-01-10,1,1,2024,144.0,121.0,128.74,154.46,150.83
2024-01-17,2,1,2024,146.0,121.0,131.8,146.83,144.89
2024-01-24,3,1,2024,145.0,125.0,132.41,146.83,144.89
2024-01-31,4,1,2024,146.0,130.0,132.41,150.01,149.64
2024-02-07,5,2,2024,147.0,128.0,137.91,148.74,149.64
2024-02-14,6,2,2024,155.0,131.0,131.49,148.11,147.27
2024-02-21,7,2,2024,155.0,124.0,129.35,149.38,147.27
2024-02-28,8,2,2024,153.0,133.0,113.14,152.56,152.02
2024-03-06,9,3,2024,152.0,136.0,107.33,150.65,152.02
2024-03-13,10,3,2024,151.0,147.0,111.0,153.19,156.77
2024-03-20,11,3,2024,152.0,130.0,115.28,155.73,159.14
2024-03-27,12,3,2024,152.0,132.0,108.86,160.18,160.33
2024-04-03,13,3,2024,151.0,123.0,102.75,158.28,156.77
2024-04-10,14,4,2024,153.0,118.0,96.63,155.73,155.58
2024-04-17,15,4,2024,152.0,116.0,90.21,151.92,148.46
2024-04-24,16,4,2024,151.0,116.0,83.18,157.0,157.96
2024-05-01,17,4,2024,149.0,115.0,90.51,157.64,157.96
2024-05-08,18,5,2024,147.0,116.0,96.32,157.64,157.96
2024-05-15,19,5,2024,145.0,118.0,102.13,161.45,161.52
2024-05-22,20,5,2024,143.0,119.0,97.85,157.64,156.77
2024-05-29,21,5,2024,142.0,117.0,96.32,156.37,156.77
2024-06-05,22,6,2024,141.0,117.0,96.32,152.56,153.21
2024-06-12,23,6,2024,138.0,117.0,96.94,151.28,152.02
2024-06-19,24,6,2024,141.0,118.0,96.63,152.56,154.39
2024-06-26,25,6,2024,142.0,118.0,94.8,153.19,154.39
2024-07-03,26,6,2024,144.0,122.0,97.24,153.19,152.02
2024-07-10,27,7,2024,146.0,127.0,97.55,152.56,150.83
2024-07-17,28,7,2024,144.0,123.0,110.09,150.01,149.64
2024-07-24,29,7,2024,143.0,122.0,130.27,152.56,150.83
2024-07-31,30,7,2024,142.0,121.0,133.02,152.56,150.83
2024-08-07,31,8,2024,142.0,117.0,135.47,153.83,150.83
2024-08-14,32,8,2024,140.0,120.0,137.91,152.56,148.46
2024-08-21,33,8,2024,139.0,118.0,161.76,151.28,147.27
2024-08-28,34,8,2024,138.0,116.0,187.76,145.56,144.89
2024-09-04,35,9,2024,137.0,120.0,205.49,142.38,142.52
2024-09-11,36,9,2024,134.0,124.0,233.63,142.38,142.52
2024-09-18,37,9,2024,133.0,129.0,242.49,139.21,140.14
2024-09-25,38,9,2024,134.0,132.0,241.27,141.11,144.89
2024-10-02,39,9,2024,134.0,148.0,247.39,142.38,144.89
2024-10-09,40,10,2024,135.0,142.0,249.53,140.48,143.71
2024-10-16,41,10,2024,137.0,143.0,241.58,140.48,143.71
2024-10-23,42,10,2024,134.0,144.0,241.88,137.94,142.52
2024-10-30,43,10,2024,135.0,140.0,266.35,132.85,142.52
2024-11-06,44,11,2024,133.0,130.0,196.93,130.31,141.33
2024-11-13,45,11,2024,133.0,120.0,171.55,127.77,140.14
2024-11-20,46,11,2024,132.0,116.0,164.21,126.49,140.14
2024-11-27,47,11,2024,134.0,118.0,163.6,123.32,136.58
2024-12-04,48,12,2024,134.0,118.0,151.37,,
2024-12-11,49,12,2024,130.0,119.0,151.37,116.96,131.83
2024-12-18,50,12,2024,132.0,115.0,155.34,118.23,131.83
2024-12-25,51,12,2024,131.0,116.0,155.34,116.32,129.45
2025-01-01,52,12,2024,132.0,117.0,156.57,,
2025-01-08,1,1,2025,134.0,119.0,155.95,116.32,125.89
2025-01-15,2,1,2025,136.0,115.0,155.95,117.59,123.52
2025-01-22,3,1,2025,140.0,119.0,154.73,116.32,124.7
2025-01-29,4,1,2025,138.0,121.0,158.4,115.05,124.7
2025-02-05,5,2,2025,138.0,118.0,165.74,113.78,122.33
2025-02-12,6,2,2025,138.0,124.0,165.13,115.69,127.08
2025-02-19,7,2,2025,139.0,139.0,166.05,117.59,128.27
2025-02-26,8,2,2025,140.0,136.0,166.35,117.59,129.45
2025-03-05,9,3,2025,137.0,128.0,169.71,118.23,130.64
2025-03-12,10,3,2025,135.0,139.0,176.44,117.59,128.27
2025-03-19,11,3,2025,134.0,132.0,175.83,117.59,128.27
2025-03-26,12,3,2025,135.0,126.0,182.86,120.77,130.64
2025-04-02,13,3,2025,136.0,122.0,186.53,121.41,133.02
2025-04-09,14,4,2025,137.0,118.0,177.67,121.41,135.39
2025-04-16,15,4,2025,135.0,118.0,164.52,116.96,128.27
2025-04-23,16,4,2025,133.0,116.0,141.89,115.05,127.08
2025-04-30,17,4,2025,133.0,115.0,141.89,116.32,128.27
2025-05-07,18,5,2025,132.0,114.0,146.17,117.59,129.45
2025-05-14,19,5,2025,131.0,115.0,137.3,117.59,129.45
2025-05-21,20,5,2025,133.0,114.0,134.85,117.59,128.27
2025-05-28,21,5,2025,132.0,115.0,135.16,117.59,128.27
2025-06-04,22,6,2025,130.0,112.0,133.63,116.96,127.08
2025-06-11,23,6,2025,131.0,113.0,131.18,116.32,125.89
2025-06-18,24,6,2025,135.0,113.0,130.88,117.59,128.27
2025-06-25,25,6,2025,142.0,112.0,127.82,121.41,129.45
2025-07-02,26,6,2025,141.0,113.0,134.55,121.41,129.45
2025-07-09,27,7,2025,141.0,114.0,144.33,122.68,133.02
2025-07-16,28,7,2025,142.0,114.0,168.19,123.95,134.2
2025-07-23,29,7,2025,144.0,114.0,182.56,134.12,140.14
2025-07-30,30,7,2025,144.0,113.0,183.17,138.57,140.14
2025-08-06,31,8,2025,143.0,113.0,172.16,138.57,136.58
2025-08-13,32,8,2025,142.0,112.0,170.63,137.3,136.58
2025-08-20,33,8,2025,140.0,111.0,176.14,136.03,136.58
2025-08-27,34,8,2025,140.0,110.0,178.28,135.39,135.39
2025-09-03,35,8,2025,141.0,111.0,187.45,142.38,138.95
2025-09-10,36,9,2025,142.0,113.0,203.66,142.38,138.95
2025-09-17,37,9,2025,141.0,114.0,219.25,145.56,141.33
2025-09-24,38,9,2025,141.0,121.0,213.14,147.47,141.33
2025-10-01,39,9,2025,142.0,122.0,203.05,145.56,141.33
2025-10-08,40,10,2025,140.0,124.0,185.92,143.66,140.14
2025-10-15,41,10,2025,138.0,124.0,196.01,143.02,138.95
2025-10-22,42,10,2025,137.0,126.0,193.87,144.93,141.33
2025-10-29,43,10,2025,140.0,130.0,184.7,145.56,142.52
2025-11-05,44,11,2025,142.0,130.0,184.7,144.93,141.33
2025-11-12,45,11,2025,145.0,137.0,171.55,142.38,135.39
2025-11-19,46,11,2025,146.0,121.0,164.82,143.66,138.95
2025-11-26,47,11,2025,145.0,122.0,164.52,144.93,141.33
2025-12-03,48,11,2025,142.0,124.0,162.45,,
2025-12-10,49,12,2025,138.0,125.0,167.27,144.93,141.33
2025-12-17,50,12,2025,136.0,122.0,184.39,142.38,140.14
2025-12-24,51,12,2025,134.0,129.0,182.25,137.94,133.02
2025-12-31,52,12,2025,132.0,125.0,178.89,,
2026-01-07,1,1,2026,131.0,124.0,187.76,127.13,125.89
2026-01-14,2,1,2026,131.0,120.0,195.71,124.59,130.64
2026-01-21,3,1,2026,133.0,122.0,201.21,125.22,130.64
2026-01-28,4,1,2026,137.0,125.0,218.03,129.04,135.39
2026-02-04,5,2,2026,139.0,124.0,225.06,131.58,137.77
2026-02-11,6,2,2026,139.0,118.0,217.42,136.66,142.52
2026-02-18,7,2,2026,140.0,116.0,225.98,137.94,143.71
2026-02-25,8,2,2026,144.0,119.0,230.26,137.94,144.89
2026-03-04,9,3,2026,147.0,119.0,208.86,138.57,148.46
2026-03-11,10,3,2026,183.0,120.0,185.92,147.47,156.77
2026-03-18,11,3,2026,191.0,120.0,189.29,153.22,160.33
2026-03-25,12,3,2026,203.0,121.0,188.98,158.28,162.71
2026-04-01,13,3,2026,204.0,123.0,186.84,155.73,161.52
2026-04-08,14,4,2026,213.0,127.0,185.31,161.45,161.52
2026-04-15,15,4,2026,212.0,125.0,186.84,164.63,165.08
2026-04-22,16,4,2026,204.0,130.0,186.23,170.35,168.65
2026-04-29,17,4,2026,202.0,128.0,186.53,169.08,166.27
2026-05-06,18,5,2026,213.0,131.0,183.78,170.99,169.83
2026-05-13,19,5,2026,213.0,135.0,182.25,172.9,172.21
2026-05-20,20,5,2026,211.0,138.0,182.86,183.07,176.96
2026-05-27,21,5,2026,208.0,129.0,178.58,180.52,176.96
2026-06-03,22,5,2026,202.0,128.0,175.52,183.7,176.96
2026-06-10,23,6,2026,197.0,128.0,170.63,182.43,176.96
2026-06-17,24,6,2026,191.0,125.0,169.1,183.07,175.77
2026-06-24,25,6,2026,182.0,123.0,169.41,181.8,174.58
2026-07-01,26,6,2026,176.0,122.0,169.41,176.71,171.02
2026-07-08,27,7,2026,173.0,122.0,176.75,171.62,169.83
2026-07-15,28,7,2026,181.0,122.0,204.58,174.17,166.27
2026-07-22,29,7,2026,194.0,121.0,209.77,176.71,173.4
2026-07-29,30,7,2026,200.0,122.0,230.26,177.35,172.21
2026-08-05,31,8,2026,202.0,122.0,230.26,176.71,172.21
2026-08-12,32,8,2026,198.0,122.0,218.34,181.8,174.58
2026-08-19,33,8,2026,206.0,125.0,211.61,184.97,173.4
2026-08-26,34,8,2026,213.0,128.0,195.1,185.61,174.58
