date,iron_ore_usd_t,coal_usd_t,grain_usd_t,bauxite_usd_t,fertilizer_usd_t,data_source
2023-09-12,105.0,140.0,220.0,55.0,380.0,SYNTHETIC
2023-09-13,103.69,143.5,215.59,55.78,368.88,SYNTHETIC
2023-09-14,100.73,150.38,203.0,56.76,371.47,SYNTHETIC
2023-09-15,100.53,152.2,197.81,56.99,373.05,SYNTHETIC
2023-09-16,93.4,149.08,200.37,59.56,348.33,SYNTHETIC
2023-09-17,87.05,144.49,209.21,56.68,350.51,SYNTHETIC
2023-09-18,91.67,139.79,218.59,56.57,360.66,SYNTHETIC
2023-09-19,93.43,137.36,221.19,51.96,349.57,SYNTHETIC
2023-09-20,96.79,141.54,225.95,51.21,356.48,SYNTHETIC
2023-09-21,93.42,138.19,207.29,55.33,364.84,SYNTHETIC
2023-09-22,89.56,139.94,209.45,52.75,365.4,SYNTHETIC
2023-09-23,89.25,144.46,209.98,50.61,379.3,SYNTHETIC
2023-09-24,95.25,141.62,208.07,50.59,387.0,SYNTHETIC
2023-09-25,95.84,147.45,203.71,52.45,406.24,SYNTHETIC
2023-09-26,96.85,149.79,210.28,53.89,408.83,SYNTHETIC
2023-09-27,101.81,151.84,218.5,52.84,420.74,SYNTHETIC
2023-09-28,103.42,151.39,232.29,56.3,418.2,SYNTHETIC
2023-09-29,104.2,152.15,230.62,56.15,425.56,SYNTHETIC
2023-09-30,105.93,146.68,224.78,58.39,428.75,SYNTHETIC
2023-10-01,105.14,141.48,237.86,61.48,433.07,SYNTHETIC
2023-10-02,111.43,142.94,235.17,59.32,440.9,SYNTHETIC
2023-10-03,110.82,148.23,231.15,56.2,435.88,SYNTHETIC
2023-10-04,107.76,146.64,221.16,57.24,430.91,SYNTHETIC
2023-10-05,110.4,149.49,224.07,57.55,408.26,SYNTHETIC
2023-10-06,114.02,147.87,228.21,57.54,410.43,SYNTHETIC
2023-10-07,111.86,142.98,233.91,58.0,395.75,SYNTHETIC
2023-10-08,114.55,142.98,235.12,57.71,386.19,SYNTHETIC
2023-10-09,118.57,145.21,238.55,60.75,381.46,SYNTHETIC
2023-10-10,104.76,140.95,241.97,54.56,389.29,SYNTHETIC
2023-10-11,97.87,137.36,245.02,57.11,396.0,SYNTHETIC
2023-10-12,99.69,134.45,252.64,57.56,401.23,SYNTHETIC
2023-10-13,96.13,135.69,257.79,57.23,398.64,SYNTHETIC
2023-10-14,103.14,126.95,258.17,55.21,401.65,SYNTHETIC
2023-10-15,104.49,128.92,253.46,57.67,390.52,SYNTHETIC
2023-10-16,104.1,130.77,258.24,55.27,408.77,SYNTHETIC
2023-10-17,104.37,132.23,253.24,55.48,427.65,SYNTHETIC
2023-10-18,102.87,129.05,251.38,57.74,419.49,SYNTHETIC
2023-10-19,100.37,131.0,245.58,54.35,403.79,SYNTHETIC
2023-10-20,101.0,124.61,259.87,55.0,389.39,SYNTHETIC
2023-10-21,105.13,120.43,252.08,55.62,378.07,SYNTHETIC
2023-10-22,98.94,125.71,255.93,56.46,366.92,SYNTHETIC
2023-10-23,100.08,118.1,259.77,55.49,370.83,SYNTHETIC
2023-10-24,98.43,114.78,264.91,56.65,373.19,SYNTHETIC
2023-10-25,98.97,111.94,263.51,58.68,383.5,SYNTHETIC
2023-10-26,96.14,116.54,263.01,57.97,385.59,SYNTHETIC
2023-10-27,96.98,108.49,260.56,62.05,388.01,SYNTHETIC
2023-10-28,92.93,105.74,240.52,59.57,384.25,SYNTHETIC
2023-10-29,93.21,100.08,234.66,58.08,402.89,SYNTHETIC
2023-10-30,92.52,111.01,243.84,60.39,421.76,SYNTHETIC
2023-10-31,86.23,110.08,237.53,59.79,411.43,SYNTHETIC
2023-11-01,88.47,107.71,238.04,57.77,414.43,SYNTHETIC
2023-11-02,77.72,109.2,256.05,56.79,410.63,SYNTHETIC
2023-11-03,77.04,115.15,248.37,59.77,406.86,SYNTHETIC
2023-11-04,71.92,103.33,244.13,61.21,399.57,SYNTHETIC
2023-11-05,73.94,97.76,241.76,59.17,385.38,SYNTHETIC
2023-11-06,73.53,100.13,227.23,55.3,382.0,SYNTHETIC
2023-11-07,77.74,97.35,220.97,58.28,393.26,SYNTHETIC
2023-11-08,77.75,89.76,210.95,58.67,409.51,SYNTHETIC
2023-11-09,77.72,86.76,214.98,57.71,420.27,SYNTHETIC
2023-11-10,83.02,89.03,213.38,55.81,421.18,SYNTHETIC
2023-11-11,81.82,92.26,198.62,51.64,436.5,SYNTHETIC
2023-11-12,82.4,105.21,204.83,49.1,434.43,SYNTHETIC
2023-11-13,88.78,96.24,212.01,49.88,431.86,SYNTHETIC
2023-11-14,91.91,88.45,209.68,49.05,414.89,SYNTHETIC
2023-11-15,100.23,85.0,216.56,52.52,428.43,SYNTHETIC
2023-11-16,102.21,92.21,220.76,54.43,439.61,SYNTHETIC
2023-11-17,100.18,88.03,214.34,53.26,427.0,SYNTHETIC
2023-11-18,104.62,85.0,216.45,51.46,410.97,SYNTHETIC
2023-11-19,108.32,91.25,217.83,54.15,434.25,SYNTHETIC
2023-11-20,107.13,88.03,212.04,53.43,435.88,SYNTHETIC
2023-11-21,109.23,96.02,205.05,58.76,421.84,SYNTHETIC
2023-11-22,108.77,98.41,208.28,58.84,417.3,SYNTHETIC
2023-11-23,110.65,95.48,224.72,55.99,423.47,SYNTHETIC
2023-11-24,110.61,101.96,224.34,51.88,435.49,SYNTHETIC
2023-11-25,109.92,107.81,225.7,50.5,444.09,SYNTHETIC
2023-11-26,116.53,117.63,218.18,53.53,462.11,SYNTHETIC
2023-11-27,118.01,115.71,216.41,53.08,469.19,SYNTHETIC
2023-11-28,112.3,114.41,215.08,48.14,472.84,SYNTHETIC
2023-11-29,112.91,123.88,212.57,47.1,485.67,SYNTHETIC
2023-11-30,111.48,130.95,208.17,46.76,477.55,SYNTHETIC
2023-12-01,112.54,132.72,208.13,49.75,468.58,SYNTHETIC
2023-12-02,113.27,127.8,204.49,50.77,449.86,SYNTHETIC
2023-12-03,114.49,121.82,213.57,50.6,457.64,SYNTHETIC
2023-12-04,107.41,113.69,228.08,51.34,447.67,SYNTHETIC
2023-12-05,101.07,108.4,222.55,55.9,449.37,SYNTHETIC
2023-12-06,106.79,107.95,219.94,57.99,449.22,SYNTHETIC
2023-12-07,106.63,101.6,222.98,56.42,443.78,SYNTHETIC
2023-12-08,111.93,106.88,226.99,57.75,437.65,SYNTHETIC
2023-12-09,113.83,92.24,221.47,59.93,448.38,SYNTHETIC
2023-12-10,111.43,88.63,217.44,64.44,466.48,SYNTHETIC
2023-12-11,104.48,85.83,221.61,64.73,459.72,SYNTHETIC
2023-12-12,106.54,90.84,210.1,63.79,448.76,SYNTHETIC
2023-12-13,108.56,95.21,225.85,64.24,470.53,SYNTHETIC
2023-12-14,115.46,88.95,227.81,63.01,469.8,SYNTHETIC
2023-12-15,114.34,91.6,225.49,63.07,461.31,SYNTHETIC
2023-12-16,114.36,86.54,224.3,61.22,455.72,SYNTHETIC
2023-12-17,106.85,89.63,216.68,61.08,464.46,SYNTHETIC
2023-12-18,104.37,85.0,229.38,57.98,461.73,SYNTHETIC
2023-12-19,105.37,87.14,228.56,59.58,461.22,SYNTHETIC
2023-12-20,103.96,97.27,225.3,61.04,444.12,SYNTHETIC
2023-12-21,100.5,110.58,237.47,57.56,433.5,SYNTHETIC
2023-12-22,106.31,117.84,244.26,58.98,445.79,SYNTHETIC
2023-12-23,112.68,112.2,242.29,57.74,449.5,SYNTHETIC
2023-12-24,108.18,109.78,244.79,60.48,460.22,SYNTHETIC
2023-12-25,108.48,104.94,241.85,62.32,438.19,SYNTHETIC
2023-12-26,106.66,102.16,238.77,64.27,430.04,SYNTHETIC
2023-12-27,112.55,92.62,236.75,65.17,432.76,SYNTHETIC
2023-12-28,113.27,90.02,238.41,62.78,439.76,SYNTHETIC
2023-12-29,115.41,97.98,245.61,58.39,463.54,SYNTHETIC
2023-12-30,111.36,112.44,258.81,58.56,464.28,SYNTHETIC
2023-12-31,116.48,115.74,242.63,55.91,451.89,SYNTHETIC
2024-01-01,114.94,117.57,258.32,56.26,441.33,SYNTHETIC
2024-01-02,122.09,122.17,264.53,53.25,424.02,SYNTHETIC
2024-01-03,125.95,113.13,263.53,54.86,439.27,SYNTHETIC
2024-01-04,122.72,108.73,259.43,55.9,436.24,SYNTHETIC
2024-01-05,124.3,114.34,245.37,53.31,427.42,SYNTHETIC
2024-01-06,124.69,113.58,253.1,51.43,440.24,SYNTHETIC
2024-01-07,123.21,112.03,244.61,52.38,455.2,SYNTHETIC
2024-01-08,125.66,117.85,248.56,54.23,449.88,SYNTHETIC
2024-01-09,124.94,106.96,244.94,54.71,442.25,SYNTHETIC
2024-01-10,124.45,114.79,232.94,53.33,444.5,SYNTHETIC
2024-01-11,121.34,110.55,235.55,53.7,422.9,SYNTHETIC
2024-01-12,117.87,114.67,238.57,53.29,428.04,SYNTHETIC
2024-01-13,117.79,115.31,231.56,52.27,435.23,SYNTHETIC
2024-01-14,118.12,120.3,237.29,49.53,436.34,SYNTHETIC
2024-01-15,122.03,126.75,249.5,49.78,443.74,SYNTHETIC
2024-01-16,116.1,121.01,252.2,48.3,442.66,SYNTHETIC
2024-01-17,116.22,126.51,254.41,48.24,443.48,SYNTHETIC
2024-01-18,122.26,129.89,248.41,44.42,458.86,SYNTHETIC
2024-01-19,119.03,138.7,240.42,46.41,458.63,SYNTHETIC
2024-01-20,114.44,135.56,237.07,45.54,476.56,SYNTHETIC
2024-01-21,110.45,142.8,237.13,45.98,484.92,SYNTHETIC
2024-01-22,113.45,147.1,236.78,49.25,479.66,SYNTHETIC
2024-01-23,108.13,144.27,234.97,52.53,477.16,SYNTHETIC
2024-01-24,108.11,150.17,252.04,53.93,467.1,SYNTHETIC
2024-01-25,105.34,147.68,255.24,51.92,479.96,SYNTHETIC
2024-01-26,103.03,152.97,247.52,51.84,511.27,SYNTHETIC
2024-01-27,101.86,152.04,238.43,52.53,505.59,SYNTHETIC
2024-01-28,100.46,152.39,225.8,53.14,506.64,SYNTHETIC
2024-01-29,99.13,152.49,218.59,53.48,509.94,SYNTHETIC
2024-01-30,99.09,158.26,222.68,55.17,508.45,SYNTHETIC
2024-01-31,100.34,157.28,220.62,56.48,503.89,SYNTHETIC
2024-02-01,98.67,160.33,215.75,58.87,509.05,SYNTHETIC
2024-02-02,100.74,163.42,219.98,60.4,488.92,SYNTHETIC
2024-02-03,98.95,157.68,223.82,58.85,476.26,SYNTHETIC
2024-02-04,97.32,162.78,226.32,58.1,477.17,SYNTHETIC
2024-02-05,97.72,171.05,226.07,57.98,476.03,SYNTHETIC
2024-02-06,91.07,173.34,225.66,58.72,476.5,SYNTHETIC
2024-02-07,88.2,174.94,216.29,57.62,481.6,SYNTHETIC
2024-02-08,86.03,168.96,203.47,57.52,493.94,SYNTHETIC
2024-02-09,82.51,175.97,198.24,56.78,479.05,SYNTHETIC
2024-02-10,82.26,165.87,193.26,55.66,468.91,SYNTHETIC
2024-02-11,80.01,166.09,188.2,56.47,480.03,SYNTHETIC
2024-02-12,77.11,174.74,187.78,58.25,479.12,SYNTHETIC
2024-02-13,82.01,169.74,185.27,61.7,479.39,SYNTHETIC
2024-02-14,91.03,172.23,177.01,63.54,491.93,SYNTHETIC
2024-02-15,95.42,167.07,177.36,62.5,467.68,SYNTHETIC
2024-02-16,96.9,170.34,180.78,64.82,483.82,SYNTHETIC
2024-02-17,101.64,161.09,178.31,61.66,484.12,SYNTHETIC
2024-02-18,103.0,158.09,185.09,62.29,466.74,SYNTHETIC
2024-02-19,102.02,153.81,188.17,60.95,479.56,SYNTHETIC
2024-02-20,102.56,154.07,191.69,59.67,499.15,SYNTHETIC
2024-02-21,101.29,143.51,189.78,63.49,514.84,SYNTHETIC
2024-02-22,92.58,152.47,193.43,62.39,509.13,SYNTHETIC
2024-02-23,89.59,154.02,198.87,62.66,514.91,SYNTHETIC
2024-02-24,86.74,150.74,185.89,63.61,518.66,SYNTHETIC
2024-02-25,89.22,159.41,194.22,63.3,499.46,SYNTHETIC
2024-02-26,87.77,158.78,191.29,60.33,527.82,SYNTHETIC
2024-02-27,81.09,159.85,196.56,60.83,512.95,SYNTHETIC
2024-02-28,81.69,161.08,181.0,59.97,535.08,SYNTHETIC
2024-02-29,83.54,170.1,178.94,59.61,531.62,SYNTHETIC
2024-03-01,87.26,170.29,168.07,59.43,531.77,SYNTHETIC
2024-03-02,89.25,163.13,168.33,60.21,525.68,SYNTHETIC
2024-03-03,99.28,163.09,170.89,60.88,539.55,SYNTHETIC
2024-03-04,95.98,165.03,174.97,57.67,550.0,SYNTHETIC
2024-03-05,101.52,164.25,176.24,58.03,548.78,SYNTHETIC
2024-03-06,105.31,159.75,168.57,61.47,537.89,SYNTHETIC
2024-03-07,102.76,154.41,178.97,57.46,526.35,SYNTHETIC
2024-03-08,102.31,143.87,170.58,55.53,531.47,SYNTHETIC
2024-03-09,99.41,146.66,169.46,54.13,501.72,SYNTHETIC
2024-03-10,99.08,141.49,165.29,50.18,479.99,SYNTHETIC
2024-03-11,97.49,137.6,162.44,46.66,478.12,SYNTHETIC
2024-03-12,95.94,140.72,160.0,44.99,479.85,SYNTHETIC
2024-03-13,96.19,147.18,169.1,47.59,472.06,SYNTHETIC
2024-03-14,92.31,140.79,175.6,47.08,465.04,SYNTHETIC
2024-03-15,97.19,138.66,177.21,45.45,442.68,SYNTHETIC
2024-03-16,100.94,136.33,177.27,45.4,436.74,SYNTHETIC
2024-03-17,98.28,139.46,171.62,46.67,433.74,SYNTHETIC
2024-03-18,101.93,133.23,172.06,47.89,436.17,SYNTHETIC
2024-03-19,97.82,128.59,166.9,48.19,441.94,SYNTHETIC
2024-03-20,90.9,131.4,168.83,53.68,417.32,SYNTHETIC
2024-03-21,92.58,128.0,172.87,54.25,435.35,SYNTHETIC
2024-03-22,95.14,122.13,172.32,55.14,408.9,SYNTHETIC
2024-03-23,92.48,122.51,176.3,54.07,414.52,SYNTHETIC
2024-03-24,94.96,117.45,181.48,52.37,408.42,SYNTHETIC
2024-03-25,103.1,116.37,188.08,50.12,419.65,SYNTHETIC
2024-03-26,115.21,124.66,202.7,47.69,425.48,SYNTHETIC
2024-03-27,111.41,123.98,193.14,49.01,422.3,SYNTHETIC
2024-03-28,112.52,123.56,185.17,49.51,417.69,SYNTHETIC
2024-03-29,107.38,121.15,177.53,48.41,396.95,SYNTHETIC
2024-03-30,118.63,112.49,177.21,47.91,395.53,SYNTHETIC
2024-03-31,116.48,114.24,167.12,50.24,386.45,SYNTHETIC
2024-04-01,119.58,120.99,164.73,49.97,375.01,SYNTHETIC
2024-04-02,119.52,129.04,171.98,50.19,361.7,SYNTHETIC
2024-04-03,114.86,146.43,178.29,50.91,362.18,SYNTHETIC
2024-04-04,113.74,144.5,190.81,52.03,357.47,SYNTHETIC
2024-04-05,108.06,145.6,197.52,50.61,368.37,SYNTHETIC
2024-04-06,105.41,138.86,205.17,45.81,362.1,SYNTHETIC
2024-04-07,104.33,150.0,201.84,42.18,344.57,SYNTHETIC
2024-04-08,105.25,155.7,199.79,43.27,335.8,SYNTHETIC
2024-04-09,96.16,161.07,206.45,42.47,336.99,SYNTHETIC
2024-04-10,96.16,164.12,212.8,42.16,315.87,SYNTHETIC
2024-04-11,106.64,162.72,199.57,39.11,332.92,SYNTHETIC
2024-04-12,102.78,146.92,190.36,37.99,331.03,SYNTHETIC
2024-04-13,104.15,154.25,184.26,38.74,330.36,SYNTHETIC
2024-04-14,102.48,157.9,179.13,39.31,332.89,SYNTHETIC
2024-04-15,91.27,159.0,189.37,37.62,341.77,SYNTHETIC
2024-04-16,87.7,153.57,202.78,35.83,350.4,SYNTHETIC
2024-04-17,85.49,158.44,205.52,40.26,341.86,SYNTHETIC
2024-04-18,89.46,159.77,208.27,40.2,333.96,SYNTHETIC
2024-04-19,89.79,160.48,222.16,40.43,358.49,SYNTHETIC
2024-04-20,89.37,153.33,225.25,38.18,333.6,SYNTHETIC
2024-04-21,92.53,146.26,229.03,37.12,322.35,SYNTHETIC
2024-04-22,93.42,145.57,231.41,37.1,312.83,SYNTHETIC
2024-04-23,93.11,144.79,233.74,35.34,324.96,SYNTHETIC
2024-04-24,96.14,138.43,242.84,36.11,329.4,SYNTHETIC
2024-04-25,90.9,148.88,247.35,35.0,334.17,SYNTHETIC
2024-04-26,90.5,146.03,247.26,35.0,324.59,SYNTHETIC
2024-04-27,95.95,145.49,243.83,35.0,329.51,SYNTHETIC
2024-04-28,87.66,146.91,245.05,35.0,318.92,SYNTHETIC
2024-04-29,85.02,155.57,232.78,35.0,313.38,SYNTHETIC
2024-04-30,86.24,150.53,235.69,35.84,305.56,SYNTHETIC
2024-05-01,87.72,149.15,236.18,35.0,298.33,SYNTHETIC
2024-05-02,86.89,141.27,238.02,35.23,287.91,SYNTHETIC
2024-05-03,89.15,147.53,229.47,35.53,292.24,SYNTHETIC
2024-05-04,86.08,149.9,232.51,36.78,297.51,SYNTHETIC
2024-05-05,90.57,150.6,233.48,38.95,289.29,SYNTHETIC
2024-05-06,91.78,152.04,233.09,38.14,285.52,SYNTHETIC
2024-05-07,99.44,162.63,235.35,36.34,292.5,SYNTHETIC
2024-05-08,102.99,161.4,229.16,37.29,296.01,SYNTHETIC
2024-05-09,105.26,157.36,218.74,39.53,314.88,SYNTHETIC
2024-05-10,110.92,153.45,221.95,39.3,313.03,SYNTHETIC
2024-05-11,107.53,159.3,206.49,39.64,318.22,SYNTHETIC
2024-05-12,106.28,162.35,210.99,39.71,327.36,SYNTHETIC
2024-05-13,99.24,164.67,225.69,39.86,316.39,SYNTHETIC
2024-05-14,102.89,160.16,228.14,41.58,304.61,SYNTHETIC
2024-05-15,109.57,162.93,233.91,41.17,289.58,SYNTHETIC
2024-05-16,107.49,165.96,244.96,42.79,296.28,SYNTHETIC
2024-05-17,102.55,165.95,251.65,43.99,295.52,SYNTHETIC
2024-05-18,107.12,164.51,266.8,48.62,300.23,SYNTHETIC
2024-05-19,104.11,166.74,259.53,47.37,303.28,SYNTHETIC
2024-05-20,102.12,168.47,256.15,49.9,307.25,SYNTHETIC
2024-05-21,108.36,164.88,258.63,51.66,316.26,SYNTHETIC
2024-05-22,106.82,162.39,246.36,49.31,312.67,SYNTHETIC
2024-05-23,106.02,151.54,245.66,50.61,322.97,SYNTHETIC
2024-05-24,112.44,154.84,245.49,51.97,331.4,SYNTHETIC
2024-05-25,114.58,153.81,253.94,50.84,315.69,SYNTHETIC
2024-05-26,110.04,162.76,260.56,46.04,314.1,SYNTHETIC
2024-05-27,115.91,151.49,264.91,47.8,333.96,SYNTHETIC
2024-05-28,108.62,152.22,268.66,45.42,377.95,SYNTHETIC
2024-05-29,112.54,155.47,267.87,45.36,377.45,SYNTHETIC
2024-05-30,114.27,150.89,268.72,42.1,377.8,SYNTHETIC
2024-05-31,111.9,153.52,272.82,43.67,358.15,SYNTHETIC
2024-06-01,108.58,154.88,278.58,40.34,359.93,SYNTHETIC
2024-06-02,104.02,157.69,272.08,39.6,359.51,SYNTHETIC
2024-06-03,110.97,155.85,273.93,38.93,353.1,SYNTHETIC
2024-06-04,111.29,136.39,272.05,39.4,374.88,SYNTHETIC
2024-06-05,108.58,136.97,272.61,36.9,377.5,SYNTHETIC
2024-06-06,110.77,137.61,279.38,38.36,365.61,SYNTHETIC
2024-06-07,115.42,133.28,276.14,39.83,352.78,SYNTHETIC
2024-06-08,116.38,125.5,268.28,39.56,362.15,SYNTHETIC
2024-06-09,118.83,129.0,260.7,39.45,354.91,SYNTHETIC
2024-06-10,122.23,131.65,255.67,35.0,344.18,SYNTHETIC
2024-06-11,121.95,141.33,259.04,38.81,324.65,SYNTHETIC
2024-06-12,122.71,136.46,256.9,38.84,324.14,SYNTHETIC
2024-06-13,121.72,143.66,251.79,40.62,332.4,SYNTHETIC
2024-06-14,117.25,143.67,256.4,41.42,343.09,SYNTHETIC
2024-06-15,111.81,140.6,256.61,41.94,346.71,SYNTHETIC
2024-06-16,113.41,143.58,260.6,43.71,367.12,SYNTHETIC
2024-06-17,110.32,148.75,274.94,42.77,353.11,SYNTHETIC
2024-06-18,110.08,145.38,286.74,45.18,355.96,SYNTHETIC
2024-06-19,108.94,154.67,287.49,48.63,360.97,SYNTHETIC
2024-06-20,112.7,154.42,288.18,49.22,341.66,SYNTHETIC
2024-06-21,113.59,146.66,294.27,49.08,340.13,SYNTHETIC
2024-06-22,114.56,139.66,301.36,51.21,327.78,SYNTHETIC
2024-06-23,113.13,146.1,296.82,52.15,331.53,SYNTHETIC
2024-06-24,112.33,142.63,286.32,51.49,322.46,SYNTHETIC
2024-06-25,110.75,143.1,290.7,50.91,331.44,SYNTHETIC
2024-06-26,111.58,143.66,290.51,51.28,351.44,SYNTHETIC
2024-06-27,104.49,142.89,293.02,52.92,349.37,SYNTHETIC
2024-06-28,104.43,148.69,294.99,51.98,342.19,SYNTHETIC
2024-06-29,105.92,145.58,288.23,53.65,328.35,SYNTHETIC
2024-06-30,107.47,138.78,282.95,57.62,334.13,SYNTHETIC
2024-07-01,103.09,125.0,288.88,58.73,323.93,SYNTHETIC
2024-07-02,101.46,124.66,286.03,58.49,336.21,SYNTHETIC
2024-07-03,100.04,123.46,278.91,59.52,356.99,SYNTHETIC
2024-07-04,98.03,131.3,275.51,58.5,378.21,SYNTHETIC
2024-07-05,93.37,127.29,276.91,56.16,400.09,SYNTHETIC
2024-07-06,89.37,133.75,271.92,54.61,401.02,SYNTHETIC
2024-07-07,89.88,132.17,282.78,51.88,406.12,SYNTHETIC
2024-07-08,91.88,142.69,286.9,53.9,396.16,SYNTHETIC
2024-07-09,92.87,136.78,274.8,52.98,379.88,SYNTHETIC
2024-07-10,89.75,134.45,275.04,49.34,388.76,SYNTHETIC
2024-07-11,91.75,138.66,284.65,50.53,371.47,SYNTHETIC
2024-07-12,91.35,145.82,306.11,51.39,383.53,SYNTHETIC
2024-07-13,89.78,150.74,300.66,52.11,373.09,SYNTHETIC
2024-07-14,86.54,142.46,298.82,49.51,370.73,SYNTHETIC
2024-07-15,85.06,148.93,287.36,47.44,391.74,SYNTHETIC
2024-07-16,88.53,148.65,289.57,51.19,394.57,SYNTHETIC
2024-07-17,88.29,138.67,291.18,50.09,400.4,SYNTHETIC
2024-07-18,88.3,135.35,291.38,51.15,396.73,SYNTHETIC
2024-07-19,84.8,133.38,282.01,51.51,406.67,SYNTHETIC
2024-07-20,96.57,128.75,285.93,48.84,402.99,SYNTHETIC
2024-07-21,87.76,136.87,297.08,46.08,391.35,SYNTHETIC
2024-07-22,80.17,140.17,304.66,47.34,379.24,SYNTHETIC
2024-07-23,78.82,147.0,305.08,46.95,360.48,SYNTHETIC
2024-07-24,80.4,141.54,302.6,46.63,345.76,SYNTHETIC
2024-07-25,88.23,131.48,306.82,48.96,354.49,SYNTHETIC
2024-07-26,90.79,134.41,303.66,45.9,353.99,SYNTHETIC
2024-07-27,92.42,134.75,283.87,46.05,343.04,SYNTHETIC
2024-07-28,96.48,140.06,270.25,48.66,353.19,SYNTHETIC
2024-07-29,97.12,144.02,278.57,50.54,355.9,SYNTHETIC
2024-07-30,89.54,144.85,286.42,50.12,361.71,SYNTHETIC
2024-07-31,91.02,149.54,283.88,51.21,350.16,SYNTHETIC
2024-08-01,92.31,149.76,276.7,52.57,345.19,SYNTHETIC
2024-08-02,101.37,150.75,273.18,50.89,350.08,SYNTHETIC
2024-08-03,98.6,162.35,262.85,48.06,347.42,SYNTHETIC
2024-08-04,103.82,169.53,260.0,50.0,360.14,SYNTHETIC
2024-08-05,98.41,162.48,271.23,50.26,369.82,SYNTHETIC
2024-08-06,104.74,152.43,265.57,54.04,387.99,SYNTHETIC
2024-08-07,105.28,160.26,258.87,52.78,391.5,SYNTHETIC
2024-08-08,108.62,157.14,248.49,54.84,383.58,SYNTHETIC
2024-08-09,111.33,155.92,249.22,56.51,384.06,SYNTHETIC
2024-08-10,113.85,152.59,241.84,57.45,411.9,SYNTHETIC
2024-08-11,113.97,154.24,245.85,57.43,424.29,SYNTHETIC
2024-08-12,111.08,151.4,243.04,55.47,421.56,SYNTHETIC
2024-08-13,110.26,143.97,254.23,54.87,429.27,SYNTHETIC
2024-08-14,107.04,133.16,257.51,53.89,425.82,SYNTHETIC
2024-08-15,106.53,118.98,259.91,53.97,421.05,SYNTHETIC
2024-08-16,100.05,113.18,249.06,51.91,433.8,SYNTHETIC
2024-08-17,100.89,121.2,248.5,52.49,437.85,SYNTHETIC
2024-08-18,104.92,116.04,249.91,56.13,447.91,SYNTHETIC
2024-08-19,109.73,116.5,251.56,54.34,467.52,SYNTHETIC
2024-08-20,114.84,123.82,253.26,55.42,459.83,SYNTHETIC
2024-08-21,115.15,132.11,253.29,51.63,461.96,SYNTHETIC
2024-08-22,114.23,128.97,244.28,52.73,471.74,SYNTHETIC
2024-08-23,112.93,133.51,226.83,53.32,479.44,SYNTHETIC
2024-08-24,114.26,131.42,218.85,51.55,472.96,SYNTHETIC
2024-08-25,116.85,120.0,225.98,52.76,471.72,SYNTHETIC
2024-08-26,117.85,126.24,231.43,53.04,492.98,SYNTHETIC
2024-08-27,112.08,127.24,239.14,56.72,484.03,SYNTHETIC
2024-08-28,117.38,122.3,240.96,56.89,487.53,SYNTHETIC
2024-08-29,118.92,123.98,242.03,57.62,491.31,SYNTHETIC
2024-08-30,122.47,126.38,241.6,57.25,471.9,SYNTHETIC
2024-08-31,122.15,127.72,229.1,54.94,477.86,SYNTHETIC
2024-09-01,120.59,122.22,230.12,60.15,459.78,SYNTHETIC
2024-09-02,127.87,121.62,225.33,60.36,460.76,SYNTHETIC
2024-09-03,122.9,123.91,220.93,60.81,473.96,SYNTHETIC
2024-09-04,115.61,128.84,213.99,60.81,466.12,SYNTHETIC
2024-09-05,123.27,127.82,213.67,57.7,446.16,SYNTHETIC
2024-09-06,123.68,121.63,220.23,54.9,444.55,SYNTHETIC
2024-09-07,121.41,124.64,225.82,51.55,443.03,SYNTHETIC
2024-09-08,118.58,132.45,218.88,54.3,443.22,SYNTHETIC
2024-09-09,110.15,129.07,220.6,55.33,444.68,SYNTHETIC
2024-09-10,117.46,132.38,220.06,54.65,446.79,SYNTHETIC
2024-09-11,119.91,138.86,205.98,51.8,427.89,SYNTHETIC
2024-09-12,121.5,145.24,212.91,50.23,439.82,SYNTHETIC
2024-09-13,124.3,153.18,208.56,50.17,412.62,SYNTHETIC
2024-09-14,120.06,154.55,212.91,47.85,407.71,SYNTHETIC
2024-09-15,121.44,162.63,207.55,49.81,416.83,SYNTHETIC
2024-09-16,125.29,170.18,213.31,48.36,406.93,SYNTHETIC
2024-09-17,115.86,164.46,222.22,48.0,388.97,SYNTHETIC
2024-09-18,117.92,165.71,223.99,48.01,379.76,SYNTHETIC
2024-09-19,120.52,166.48,227.69,43.84,373.92,SYNTHETIC
2024-09-20,120.46,161.71,222.92,45.79,398.1,SYNTHETIC
2024-09-21,116.45,159.19,220.63,46.15,379.81,SYNTHETIC
2024-09-22,115.44,146.66,212.78,41.98,384.86,SYNTHETIC
2024-09-23,113.29,150.76,220.33,41.59,382.36,SYNTHETIC
2024-09-24,114.49,155.58,228.63,41.32,372.52,SYNTHETIC
2024-09-25,112.08,162.1,225.06,39.66,356.09,SYNTHETIC
2024-09-26,114.93,169.64,225.2,40.82,342.31,SYNTHETIC
2024-09-27,112.56,165.27,220.4,43.65,347.18,SYNTHETIC
2024-09-28,110.25,163.68,211.23,44.68,355.93,SYNTHETIC
2024-09-29,114.77,172.35,207.85,42.17,372.19,SYNTHETIC
2024-09-30,113.83,178.02,199.77,41.2,360.88,SYNTHETIC
2024-10-01,115.69,172.64,186.69,37.66,335.8,SYNTHETIC
2024-10-02,110.18,157.66,189.59,38.58,343.59,SYNTHETIC
2024-10-03,116.11,155.85,183.38,37.08,350.64,SYNTHETIC
2024-10-04,109.97,149.04,184.0,38.17,365.45,SYNTHETIC
2024-10-05,110.21,149.19,166.3,40.28,343.02,SYNTHETIC
2024-10-06,109.16,154.79,168.26,42.48,361.72,SYNTHETIC
2024-10-07,105.98,145.74,164.71,43.27,363.66,SYNTHETIC
2024-10-08,104.85,147.25,161.71,43.11,388.2,SYNTHETIC
2024-10-09,109.79,139.77,169.26,40.22,385.52,SYNTHETIC
2024-10-10,116.6,154.67,169.67,45.03,402.1,SYNTHETIC
2024-10-11,115.31,154.61,173.02,49.75,394.7,SYNTHETIC
2024-10-12,113.57,157.1,174.57,49.72,420.21,SYNTHETIC
2024-10-13,105.8,150.41,179.07,50.74,413.24,SYNTHETIC
2024-10-14,112.64,137.35,174.55,48.57,394.38,SYNTHETIC
2024-10-15,108.15,131.66,175.6,47.99,396.95,SYNTHETIC
2024-10-16,104.42,126.13,175.08,48.25,410.31,SYNTHETIC
2024-10-17,104.86,133.51,181.17,47.27,424.91,SYNTHETIC
2024-10-18,107.8,126.79,178.11,51.02,423.28,SYNTHETIC
2024-10-19,113.81,132.08,184.43,51.76,427.2,SYNTHETIC
2024-10-20,122.24,134.81,189.02,50.61,426.12,SYNTHETIC
2024-10-21,124.74,134.27,185.73,49.93,441.35,SYNTHETIC
2024-10-22,122.23,119.49,191.67,50.57,452.69,SYNTHETIC
2024-10-23,119.09,116.7,189.58,47.52,445.2,SYNTHETIC
2024-10-24,117.95,123.11,185.86,48.71,455.57,SYNTHETIC
2024-10-25,120.78,126.76,181.11,48.82,453.81,SYNTHETIC
2024-10-26,124.13,127.99,174.56,50.8,466.58,SYNTHETIC
2024-10-27,126.02,119.67,177.87,51.64,460.3,SYNTHETIC
2024-10-28,117.81,120.93,177.55,50.43,459.8,SYNTHETIC
2024-10-29,115.16,122.93,176.46,49.23,451.38,SYNTHETIC
2024-10-30,120.68,120.44,183.53,52.18,431.18,SYNTHETIC
2024-10-31,118.08,123.53,190.61,53.12,415.58,SYNTHETIC
2024-11-01,117.37,119.68,192.11,54.37,428.36,SYNTHETIC
2024-11-02,127.91,108.14,179.26,55.58,434.83,SYNTHETIC
2024-11-03,126.93,105.08,183.67,55.38,424.24,SYNTHETIC
2024-11-04,131.97,101.81,170.87,53.18,429.26,SYNTHETIC
2024-11-05,138.52,110.08,165.85,56.83,428.67,SYNTHETIC
2024-11-06,140.55,115.14,166.08,56.39,436.96,SYNTHETIC
2024-11-07,137.74,115.46,178.17,58.92,430.51,SYNTHETIC
2024-11-08,127.64,112.79,161.84,58.62,429.38,SYNTHETIC
2024-11-09,123.53,116.82,160.0,60.73,414.57,SYNTHETIC
2024-11-10,125.55,126.36,160.0,58.83,427.64,SYNTHETIC
2024-11-11,127.3,120.9,166.34,56.08,432.98,SYNTHETIC
2024-11-12,131.32,117.54,160.0,55.49,433.34,SYNTHETIC
2024-11-13,126.11,125.01,160.0,54.51,461.61,SYNTHETIC
2024-11-14,126.27,128.27,169.99,55.85,474.13,SYNTHETIC
2024-11-15,117.43,125.93,177.41,56.51,489.41,SYNTHETIC
2024-11-16,113.53,133.21,174.22,53.37,491.22,SYNTHETIC
2024-11-17,115.39,136.69,182.46,51.94,482.84,SYNTHETIC
2024-11-18,106.35,131.12,183.99,49.23,486.27,SYNTHETIC
2024-11-19,109.58,132.99,178.54,47.91,484.77,SYNTHETIC
2024-11-20,116.77,133.12,174.58,47.94,478.61,SYNTHETIC
2024-11-21,110.67,143.21,171.32,46.91,490.91,SYNTHETIC
2024-11-22,109.46,146.77,164.99,49.49,484.96,SYNTHETIC
2024-11-23,116.2,149.5,169.58,50.49,485.92,SYNTHETIC
2024-11-24,117.87,150.06,177.91,48.93,485.34,SYNTHETIC
2024-11-25,119.07,152.93,168.88,51.69,465.25,SYNTHETIC
2024-11-26,119.08,144.27,174.82,53.61,469.98,SYNTHETIC
2024-11-27,113.17,135.44,168.64,54.04,477.47,SYNTHETIC
2024-11-28,112.38,137.89,169.42,53.34,476.18,SYNTHETIC
2024-11-29,117.31,140.34,172.81,57.26,477.36,SYNTHETIC
2024-11-30,117.29,137.91,181.09,58.79,471.61,SYNTHETIC
2024-12-01,119.81,125.97,181.89,56.53,462.31,SYNTHETIC
2024-12-02,117.92,119.79,184.58,56.81,453.16,SYNTHETIC
2024-12-03,114.05,123.52,196.87,55.09,430.13,SYNTHETIC
2024-12-04,112.05,124.69,208.76,56.88,435.6,SYNTHETIC
2024-12-05,107.63,121.22,216.41,54.77,418.58,SYNTHETIC
2024-12-06,102.1,116.12,221.75,53.5,412.45,SYNTHETIC
2024-12-07,102.11,118.32,225.26,52.31,386.78,SYNTHETIC
2024-12-08,101.28,117.96,236.6,53.35,378.68,SYNTHETIC
2024-12-09,97.63,117.55,241.35,51.3,385.24,SYNTHETIC
2024-12-10,100.64,115.09,236.07,51.43,386.23,SYNTHETIC
2024-12-11,97.04,116.61,236.41,47.24,386.48,SYNTHETIC
2024-12-12,98.98,118.89,238.88,49.17,389.23,SYNTHETIC
2024-12-13,101.15,115.66,228.66,43.97,368.76,SYNTHETIC
2024-12-14,107.93,126.24,224.4,44.65,379.47,SYNTHETIC
2024-12-15,109.21,123.05,236.27,45.46,374.45,SYNTHETIC
2024-12-16,112.24,124.47,227.9,44.75,374.94,SYNTHETIC
2024-12-17,112.32,115.55,231.27,47.26,380.28,SYNTHETIC
2024-12-18,106.47,110.17,233.18,49.75,348.42,SYNTHETIC
2024-12-19,109.85,116.44,239.61,52.05,366.13,SYNTHETIC
2024-12-20,116.42,121.39,233.68,54.41,362.33,SYNTHETIC
2024-12-21,115.58,123.14,227.9,55.08,369.38,SYNTHETIC
2024-12-22,123.64,119.53,228.08,54.32,365.46,SYNTHETIC
2024-12-23,126.78,122.16,223.48,54.87,358.35,SYNTHETIC
2024-12-24,134.13,116.65,234.23,57.08,374.61,SYNTHETIC
2024-12-25,132.53,123.65,235.15,56.91,360.28,SYNTHETIC
2024-12-26,128.17,108.29,240.74,52.05,364.2,SYNTHETIC
2024-12-27,127.7,106.77,233.25,48.78,358.15,SYNTHETIC
2024-12-28,124.11,102.82,237.05,52.57,364.78,SYNTHETIC
2024-12-29,124.33,111.52,254.05,51.0,375.87,SYNTHETIC
2024-12-30,122.78,111.04,252.81,49.9,384.28,SYNTHETIC
2024-12-31,122.9,119.19,244.14,51.94,390.88,SYNTHETIC
2025-01-01,122.0,128.38,251.51,53.83,383.47,SYNTHETIC
2025-01-02,117.59,131.4,247.4,54.98,380.44,SYNTHETIC
2025-01-03,115.09,121.79,237.7,55.27,384.42,SYNTHETIC
2025-01-04,119.86,117.72,229.36,51.02,398.78,SYNTHETIC
2025-01-05,119.16,115.28,220.85,55.58,404.05,SYNTHETIC
2025-01-06,113.37,118.3,224.49,54.8,401.29,SYNTHETIC
2025-01-07,105.05,121.12,218.43,56.99,403.41,SYNTHETIC
2025-01-08,103.76,113.61,212.39,57.21,413.92,SYNTHETIC
2025-01-09,104.91,118.98,209.98,56.07,418.86,SYNTHETIC
2025-01-10,100.19,113.42,213.21,55.5,428.88,SYNTHETIC
2025-01-11,93.19,111.96,219.61,55.15,423.09,SYNTHETIC
2025-01-12,95.79,114.21,228.25,58.45,433.13,SYNTHETIC
2025-01-13,108.84,114.08,225.72,55.76,427.78,SYNTHETIC
2025-01-14,112.21,124.14,232.69,56.53,427.96,SYNTHETIC
2025-01-15,108.01,131.37,226.86,60.1,433.91,SYNTHETIC
2025-01-16,107.45,123.67,238.66,58.93,416.88,SYNTHETIC
2025-01-17,106.9,117.32,242.53,58.88,413.1,SYNTHETIC
2025-01-18,101.76,124.79,243.83,56.41,415.72,SYNTHETIC
2025-01-19,96.24,125.85,232.12,59.66,417.0,SYNTHETIC
2025-01-20,95.93,129.97,238.64,57.25,426.23,SYNTHETIC
2025-01-21,99.36,130.37,234.9,58.47,397.43,SYNTHETIC
2025-01-22,100.54,137.99,230.25,54.43,377.13,SYNTHETIC
2025-01-23,97.94,142.67,224.25,52.72,389.12,SYNTHETIC
2025-01-24,100.19,147.32,219.9,53.23,397.82,SYNTHETIC
2025-01-25,102.42,143.08,223.36,51.06,420.82,SYNTHETIC
2025-01-26,98.57,146.65,226.27,50.67,418.61,SYNTHETIC
2025-01-27,93.89,136.82,226.48,48.12,432.21,SYNTHETIC
2025-01-28,96.8,135.45,239.43,48.5,457.88,SYNTHETIC
2025-01-29,101.59,131.75,230.2,46.33,428.9,SYNTHETIC
2025-01-30,103.31,127.3,231.95,44.47,408.03,SYNTHETIC
2025-01-31,108.08,122.0,222.35,45.32,401.49,SYNTHETIC
2025-02-01,113.86,110.4,226.24,41.8,384.02,SYNTHETIC
2025-02-02,107.48,118.57,230.1,43.46,402.12,SYNTHETIC
2025-02-03,109.32,117.83,230.8,42.17,398.49,SYNTHETIC
2025-02-04,114.45,117.32,234.07,45.75,389.72,SYNTHETIC
2025-02-05,118.7,120.89,237.81,44.98,404.36,SYNTHETIC
2025-02-06,124.0,127.76,240.75,43.52,411.7,SYNTHETIC
2025-02-07,121.08,136.09,230.54,44.08,404.07,SYNTHETIC
2025-02-08,123.32,133.6,236.42,46.4,411.79,SYNTHETIC
2025-02-09,125.88,134.89,248.25,41.79,400.1,SYNTHETIC
2025-02-10,122.86,129.59,255.41,40.9,391.32,SYNTHETIC
2025-02-11,123.09,134.25,252.7,43.84,405.23,SYNTHETIC
2025-02-12,117.22,134.52,265.64,42.1,394.59,SYNTHETIC
2025-02-13,113.46,140.11,266.23,40.05,388.3,SYNTHETIC
2025-02-14,114.52,145.07,273.28,37.32,382.6,SYNTHETIC
2025-02-15,118.44,149.63,276.73,37.16,375.8,SYNTHETIC
2025-02-16,118.03,152.61,285.41,35.18,345.34,SYNTHETIC
2025-02-17,123.78,152.82,272.63,36.67,327.32,SYNTHETIC
2025-02-18,129.17,145.04,265.76,35.0,330.19,SYNTHETIC
2025-02-19,124.51,146.89,268.29,35.0,347.7,SYNTHETIC
2025-02-20,123.52,156.82,265.41,35.22,356.57,SYNTHETIC
2025-02-21,120.95,153.8,261.73,35.0,350.81,SYNTHETIC
2025-02-22,123.76,149.39,271.21,35.12,349.86,SYNTHETIC
2025-02-23,126.07,152.86,266.0,35.0,330.33,SYNTHETIC
2025-02-24,122.26,162.58,267.01,35.0,328.24,SYNTHETIC
2025-02-25,125.44,155.77,268.47,38.06,326.39,SYNTHETIC
2025-02-26,119.54,140.88,265.67,39.42,320.37,SYNTHETIC
2025-02-27,123.82,137.17,248.33,40.73,328.7,SYNTHETIC
2025-02-28,113.5,137.84,234.59,43.27,334.43,SYNTHETIC
2025-03-01,112.53,137.04,232.42,44.43,341.96,SYNTHETIC
2025-03-02,109.47,135.55,247.52,44.14,369.15,SYNTHETIC
2025-03-03,112.04,132.65,241.79,45.62,375.78,SYNTHETIC
2025-03-04,112.84,128.95,241.08,45.41,352.21,SYNTHETIC
2025-03-05,103.84,124.26,255.1,49.19,336.02,SYNTHETIC
2025-03-06,98.49,126.81,254.49,49.78,336.18,SYNTHETIC
2025-03-07,96.34,130.57,257.19,50.03,326.37,SYNTHETIC
2025-03-08,101.33,121.29,258.44,53.31,324.41,SYNTHETIC
2025-03-09,107.97,131.25,251.62,55.01,342.49,SYNTHETIC
2025-03-10,110.61,134.12,244.82,53.6,344.2,SYNTHETIC
2025-03-11,116.13,137.59,240.68,54.6,330.39,SYNTHETIC
2025-03-12,112.78,135.95,240.11,52.05,348.55,SYNTHETIC
2025-03-13,114.21,137.58,234.47,51.64,346.74,SYNTHETIC
2025-03-14,114.44,130.9,230.65,52.09,346.78,SYNTHETIC
2025-03-15,109.84,140.63,232.2,52.46,350.0,SYNTHETIC
2025-03-16,108.29,149.1,240.29,52.21,356.76,SYNTHETIC
2025-03-17,106.76,147.44,256.3,50.38,348.4,SYNTHETIC
2025-03-18,108.53,139.34,250.41,51.32,349.76,SYNTHETIC
2025-03-19,110.41,137.52,251.64,52.54,365.29,SYNTHETIC
2025-03-20,108.05,141.13,243.97,51.26,380.36,SYNTHETIC
2025-03-21,105.83,138.74,239.04,51.33,370.53,SYNTHETIC
2025-03-22,98.2,134.0,226.52,52.43,370.91,SYNTHETIC
2025-03-23,100.43,135.12,238.44,53.49,389.39,SYNTHETIC
2025-03-24,100.15,130.0,235.0,54.24,386.07,SYNTHETIC
2025-03-25,100.18,138.26,241.34,55.21,369.82,SYNTHETIC
2025-03-26,102.51,143.98,233.42,56.41,362.25,SYNTHETIC
2025-03-27,100.6,147.86,216.67,57.82,369.77,SYNTHETIC
2025-03-28,96.88,143.42,228.71,58.65,368.74,SYNTHETIC
2025-03-29,94.72,144.58,217.18,57.52,369.43,SYNTHETIC
2025-03-30,93.65,151.12,210.01,58.11,372.77,SYNTHETIC
2025-03-31,94.86,138.28,218.68,56.68,369.58,SYNTHETIC
2025-04-01,92.74,139.56,219.34,55.46,375.81,SYNTHETIC
2025-04-02,91.34,148.01,218.05,56.13,391.82,SYNTHETIC
2025-04-03,86.43,158.68,227.44,56.21,396.69,SYNTHETIC
2025-04-04,85.36,152.51,225.28,54.82,402.66,SYNTHETIC
2025-04-05,78.96,153.85,230.75,55.95,415.69,SYNTHETIC
2025-04-06,77.1,159.77,221.82,54.41,423.74,SYNTHETIC
2025-04-07,80.1,166.51,231.77,55.35,436.45,SYNTHETIC
2025-04-08,81.53,154.81,227.58,52.68,411.05,SYNTHETIC
2025-04-09,81.61,142.38,228.64,55.39,410.84,SYNTHETIC
2025-04-10,81.41,143.25,223.4,56.35,415.05,SYNTHETIC
2025-04-11,85.72,146.16,217.62,57.24,412.73,SYNTHETIC
2025-04-12,81.58,145.26,215.72,57.21,401.84,SYNTHETIC
2025-04-13,84.05,143.16,222.25,54.49,399.81,SYNTHETIC
2025-04-14,81.81,150.75,220.48,51.17,390.56,SYNTHETIC
2025-04-15,83.62,159.35,221.83,51.43,394.4,SYNTHETIC
2025-04-16,83.65,155.31,218.48,50.8,402.24,SYNTHETIC
2025-04-17,82.12,155.87,227.79,51.58,398.91,SYNTHETIC
2025-04-18,84.06,148.53,217.34,53.76,411.3,SYNTHETIC
2025-04-19,82.1,158.73,205.67,54.63,404.38,SYNTHETIC
2025-04-20,77.94,149.84,215.93,52.72,396.7,SYNTHETIC
2025-04-21,76.82,143.17,200.9,54.06,397.32,SYNTHETIC
2025-04-22,72.65,137.75,213.42,52.87,392.17,SYNTHETIC
2025-04-23,74.2,131.52,213.48,53.74,403.84,SYNTHETIC
2025-04-24,72.69,139.4,216.69,54.97,401.29,SYNTHETIC
2025-04-25,70.0,153.34,219.04,53.93,407.26,SYNTHETIC
2025-04-26,72.51,154.57,214.46,56.88,417.97,SYNTHETIC
2025-04-27,75.09,152.19,218.22,56.14,397.67,SYNTHETIC
2025-04-28,75.25,156.22,232.53,56.16,396.67,SYNTHETIC
2025-04-29,74.97,150.37,240.76,58.67,397.78,SYNTHETIC
2025-04-30,79.52,158.14,235.25,58.93,375.26,SYNTHETIC
2025-05-01,79.2,157.47,243.55,57.15,376.0,SYNTHETIC
2025-05-02,81.01,159.56,234.76,56.39,373.77,SYNTHETIC
2025-05-03,77.19,154.92,232.86,56.81,356.59,SYNTHETIC
2025-05-04,80.25,153.32,233.56,55.87,373.02,SYNTHETIC
2025-05-05,80.42,143.27,241.93,54.83,374.67,SYNTHETIC
2025-05-06,83.23,143.3,231.69,56.73,347.74,SYNTHETIC
2025-05-07,82.79,148.56,238.75,56.29,342.67,SYNTHETIC
2025-05-08,80.44,137.24,235.4,59.73,339.53,SYNTHETIC
2025-05-09,76.37,131.25,223.55,59.27,338.99,SYNTHETIC
2025-05-10,76.4,128.61,230.44,57.1,330.65,SYNTHETIC
2025-05-11,75.42,127.04,227.26,56.55,318.79,SYNTHETIC
2025-05-12,71.12,126.82,213.05,58.37,323.0,SYNTHETIC
2025-05-13,77.14,126.88,218.8,57.11,312.55,SYNTHETIC
2025-05-14,82.08,128.91,207.02,59.28,325.47,SYNTHETIC
2025-05-15,74.63,128.97,204.7,59.17,332.41,SYNTHETIC
2025-05-16,70.0,119.15,197.2,59.84,336.2,SYNTHETIC
2025-05-17,70.0,121.55,192.09,58.24,330.25,SYNTHETIC
2025-05-18,71.68,129.23,200.41,58.21,332.58,SYNTHETIC
2025-05-19,83.4,131.05,205.34,58.1,334.24,SYNTHETIC
2025-05-20,79.32,120.63,195.15,60.1,336.95,SYNTHETIC
2025-05-21,78.82,122.51,194.19,59.02,318.52,SYNTHETIC
2025-05-22,84.94,125.8,195.31,55.77,319.66,SYNTHETIC
2025-05-23,83.56,120.22,205.42,53.54,293.54,SYNTHETIC
2025-05-24,88.67,121.17,209.01,52.23,296.74,SYNTHETIC
2025-05-25,92.9,129.3,200.81,53.59,328.04,SYNTHETIC
2025-05-26,93.15,139.27,192.25,51.84,317.41,SYNTHETIC
2025-05-27,97.03,140.05,197.59,49.98,308.94,SYNTHETIC
2025-05-28,101.01,143.09,203.5,49.52,320.32,SYNTHETIC
2025-05-29,95.52,142.02,199.71,49.64,311.4,SYNTHETIC
2025-05-30,95.11,139.51,195.83,49.63,300.39,SYNTHETIC
2025-05-31,92.89,147.83,200.0,47.22,299.14,SYNTHETIC
2025-06-01,93.37,153.41,202.53,46.83,302.59,SYNTHETIC
2025-06-02,88.86,156.78,184.56,48.98,314.56,SYNTHETIC
2025-06-03,85.36,153.2,183.55,49.95,310.27,SYNTHETIC
2025-06-04,86.17,161.67,190.23,50.87,304.44,SYNTHETIC
2025-06-05,86.71,167.37,180.59,49.48,302.79,SYNTHETIC
2025-06-06,92.8,158.94,187.67,49.08,295.85,SYNTHETIC
2025-06-07,94.01,165.0,179.74,46.76,301.12,SYNTHETIC
2025-06-08,100.07,165.38,182.37,48.15,319.11,SYNTHETIC
2025-06-09,105.46,166.42,177.39,50.04,310.35,SYNTHETIC
2025-06-10,110.0,153.66,167.15,49.73,297.87,SYNTHETIC
2025-06-11,95.71,144.54,170.02,49.13,298.67,SYNTHETIC
2025-06-12,92.9,150.36,170.55,47.64,293.31,SYNTHETIC
2025-06-13,95.12,145.5,182.44,47.62,277.88,SYNTHETIC
2025-06-14,90.12,150.24,189.2,51.18,263.93,SYNTHETIC
2025-06-15,88.45,142.02,178.85,49.86,250.0,SYNTHETIC
2025-06-16,91.62,133.12,182.17,50.45,251.8,SYNTHETIC
2025-06-17,92.21,144.76,189.99,52.4,250.0,SYNTHETIC
2025-06-18,91.2,150.1,196.68,52.28,274.06,SYNTHETIC
2025-06-19,98.54,149.08,210.29,49.74,280.91,SYNTHETIC
2025-06-20,97.05,150.2,224.21,50.57,270.63,SYNTHETIC
2025-06-21,101.73,145.69,219.16,53.76,259.6,SYNTHETIC
2025-06-22,101.63,147.68,221.9,54.1,256.41,SYNTHETIC
2025-06-23,102.13,154.56,238.66,54.05,250.0,SYNTHETIC
2025-06-24,100.78,151.7,247.14,53.98,251.66,SYNTHETIC
2025-06-25,97.54,154.32,241.77,49.75,267.42,SYNTHETIC
2025-06-26,96.88,143.81,230.55,50.54,265.81,SYNTHETIC
2025-06-27,91.66,154.52,219.39,49.71,259.75,SYNTHETIC
2025-06-28,94.5,160.18,224.0,48.04,250.0,SYNTHETIC
2025-06-29,95.27,159.5,223.15,50.72,250.0,SYNTHETIC
2025-06-30,93.8,157.01,221.79,48.94,253.63,SYNTHETIC
2025-07-01,97.31,165.05,217.69,49.32,254.57,SYNTHETIC
2025-07-02,93.37,161.4,211.73,47.01,259.35,SYNTHETIC
2025-07-03,85.85,163.08,216.25,47.92,250.0,SYNTHETIC
2025-07-04,88.11,160.62,216.15,45.32,263.07,SYNTHETIC
2025-07-05,83.11,154.57,219.26,46.05,259.38,SYNTHETIC
2025-07-06,78.19,160.44,207.82,46.55,250.0,SYNTHETIC
2025-07-07,79.65,157.46,220.65,48.28,250.0,SYNTHETIC
2025-07-08,84.28,159.81,228.89,45.89,250.0,SYNTHETIC
2025-07-09,81.79,157.23,236.16,45.29,251.7,SYNTHETIC
2025-07-10,78.92,155.99,221.31,43.93,250.0,SYNTHETIC
2025-07-11,85.73,154.56,227.51,45.7,263.11,SYNTHETIC
2025-07-12,80.66,150.27,217.29,42.52,265.26,SYNTHETIC
2025-07-13,84.78,154.41,220.36,42.11,277.73,SYNTHETIC
2025-07-14,87.11,153.53,228.49,43.47,297.0,SYNTHETIC
2025-07-15,84.74,158.37,235.78,44.16,295.11,SYNTHETIC
2025-07-16,84.8,162.39,240.47,41.41,289.18,SYNTHETIC
2025-07-17,81.97,169.16,252.93,44.04,297.91,SYNTHETIC
2025-07-18,80.0,165.48,253.26,44.49,278.7,SYNTHETIC
2025-07-19,80.14,168.83,246.78,46.8,293.66,SYNTHETIC
2025-07-20,78.06,167.06,242.42,46.2,294.66,SYNTHETIC
2025-07-21,72.28,166.25,241.99,46.54,291.24,SYNTHETIC
2025-07-22,76.11,161.31,247.31,47.19,279.39,SYNTHETIC
2025-07-23,74.56,157.93,239.19,46.55,265.71,SYNTHETIC
2025-07-24,78.66,161.26,244.42,51.23,264.27,SYNTHETIC
2025-07-25,78.83,158.68,243.64,50.8,272.11,SYNTHETIC
2025-07-26,90.87,153.84,239.83,51.6,274.05,SYNTHETIC
2025-07-27,93.53,158.58,232.8,50.42,250.0,SYNTHETIC
2025-07-28,88.49,160.26,229.18,49.45,250.0,SYNTHETIC
2025-07-29,83.5,152.44,231.09,49.32,258.76,SYNTHETIC
2025-07-30,80.56,152.76,229.45,48.06,283.21,SYNTHETIC
2025-07-31,79.58,159.21,234.49,46.37,283.35,SYNTHETIC
2025-08-01,73.73,165.31,222.85,46.7,289.85,SYNTHETIC
2025-08-02,70.16,161.45,212.49,46.12,291.7,SYNTHETIC
2025-08-03,71.27,154.25,205.42,50.64,288.62,SYNTHETIC
2025-08-04,70.0,151.7,213.55,50.4,276.63,SYNTHETIC
2025-08-05,70.65,159.47,212.74,49.22,267.69,SYNTHETIC
2025-08-06,72.61,163.45,213.18,50.63,253.84,SYNTHETIC
2025-08-07,70.0,149.1,217.49,54.26,261.92,SYNTHETIC
2025-08-08,73.47,154.02,222.15,51.07,274.49,SYNTHETIC
2025-08-09,74.76,140.36,218.36,53.64,274.33,SYNTHETIC
2025-08-10,80.04,151.95,208.41,51.56,268.8,SYNTHETIC
2025-08-11,83.45,156.72,206.19,50.68,283.14,SYNTHETIC
2025-08-12,83.25,153.93,195.84,48.03,311.67,SYNTHETIC
2025-08-13,83.27,154.22,195.97,47.3,292.06,SYNTHETIC
2025-08-14,85.77,157.83,191.21,44.76,300.54,SYNTHETIC
2025-08-15,87.86,154.42,193.94,43.85,303.78,SYNTHETIC
2025-08-16,81.6,156.84,195.96,43.51,309.15,SYNTHETIC
2025-08-17,86.01,155.64,194.01,43.56,318.87,SYNTHETIC
2025-08-18,84.34,153.74,199.1,44.41,338.56,SYNTHETIC
2025-08-19,89.5,162.55,219.48,45.26,337.87,SYNTHETIC
2025-08-20,90.68,149.75,206.58,45.4,364.55,SYNTHETIC
2025-08-21,88.51,149.79,223.9,48.28,350.7,SYNTHETIC
2025-08-22,89.0,141.19,216.99,48.82,360.42,SYNTHETIC
2025-08-23,95.24,140.07,207.58,51.42,343.66,SYNTHETIC
2025-08-24,92.53,135.82,201.16,51.79,327.36,SYNTHETIC
2025-08-25,86.07,151.2,206.77,50.61,333.44,SYNTHETIC
2025-08-26,85.62,147.83,208.61,48.03,343.01,SYNTHETIC
2025-08-27,91.24,146.81,204.55,42.65,336.8,SYNTHETIC
2025-08-28,98.01,142.93,200.88,42.16,344.38,SYNTHETIC
2025-08-29,102.35,148.19,196.04,40.23,336.38,SYNTHETIC
2025-08-30,93.95,144.92,200.78,40.63,350.59,SYNTHETIC
2025-08-31,93.33,140.87,210.04,43.62,333.41,SYNTHETIC
2025-09-01,91.77,152.07,208.5,39.44,336.82,SYNTHETIC
2025-09-02,91.46,156.45,204.03,41.25,341.12,SYNTHETIC
2025-09-03,87.49,157.65,201.8,38.63,344.42,SYNTHETIC
2025-09-04,86.92,171.68,186.1,35.41,345.15,SYNTHETIC
2025-09-05,82.73,167.09,186.57,40.48,344.4,SYNTHETIC
2025-09-06,92.68,161.54,190.09,42.43,314.21,SYNTHETIC
2025-09-07,93.29,156.24,188.25,36.86,297.92,SYNTHETIC
2025-09-08,91.57,163.05,185.51,40.09,311.53,SYNTHETIC
2025-09-09,87.01,158.76,194.22,40.08,321.24,SYNTHETIC
2025-09-10,91.38,165.43,197.06,43.51,338.71,SYNTHETIC
