"Date","Week","Month","Year","Truck","Rail","Barge","Gulf_Vessel","Pacific_Vessel"
"08/26/2026","34","8","2026","213","128","195.1","185.61","174.58"
"08/19/2026","33","8","2026","206","125","211.61","184.97","173.4"
"08/12/2026","32","8","2026","198","122","218.34","181.8","174.58"
"08/05/2026","31","8","2026","202","122","230.26","176.71","172.21"
"07/29/2026","30","7","2026","200","122","230.26","177.35","172.21"
"07/22/2026","29","7","2026","194","121","209.77","176.71","173.4"
"07/15/2026","28","7","2026","181","122","204.58","174.17","166.27"
"07/08/2026","27","7","2026","173","122","176.75","171.62","169.83"
"07/01/2026","26","6","2026","176","122","169.41","176.71","171.02"
"06/24/2026","25","6","2026","182","123","169.41","181.8","174.58"
"06/17/2026","24","6","2026","191","125","169.1","183.07","175.77"
"06/10/2026","23","6","2026","197","128","170.63","182.43","176.96"
"06/03/2026","22","5","2026","202","128","175.52","183.7","176.96"
"05/27/2026","21","5","2026","208","129","178.58","180.52","176.96"
"05/20/2026","20","5","2026","211","138","182.86","183.07","176.96"
"05/13/2026","19","5","2026","213","135","182.25","172.9","172.21"
"05/06/2026","18","5","2026","213","131","183.78","170.99","169.83"
"04/29/2026","17","4","2026","202","128","186.53","169.08","166.27"
"04/22/2026","16","4","2026","204","130","186.23","170.35","168.65"
"04/15/2026","15","4","2026","212","125","186.84","164.63","165.08"
"04/08/2026","14","4","2026","213","127","185.31","161.45","161.52"
"04/01/2026","13","3","2026","204","123","186.84","155.73","161.52"
"03/25/2026","12","3","2026","203","121","188.98","158.28","162.71"
"03/18/2026","11","3","2026","191","120","189.29","153.22","160.33"
"03/11/2026","10","3","2026","183","120","185.92","147.47","156.77"
"03/04/2026","9","3","2026","147","119","208.86","138.57","148.46"
"02/25/2026","8","2","2026","144","119","230.26","137.94","144.89"
"02/18/2026","7","2","2026","140","116","225.98","137.94","143.71"
"02/11/2026","6","2","2026","139","118","217.42","136.66","142.52"
"02/04/2026","5","2","2026","139","124","225.06","131.58","137.77"
"01/28/2026","4","1","2026","137","125","218.03","129.04","135.39"
"01/21/2026","3","1","2026","133","122","201.21","125.22","130.64"
"01/14/2026","2","1","2026","131","120","195.71","124.59","130.64"
"01/07/2026","1","1","2026","131","124","187.76","127.13","125.89"
"12/31/2025","52","12","2025","132","125","178.89",,
"12/24/2025","51","12","2025","134","129","182.25","137.94","133.02"
"12/17/2025","50","12","2025","136","122","184.39","142.38","140.14"
"12/10/2025","49","12","2025","138","125","167.27","144.93","141.33"
"12/03/2025","48","11","2025","142","124","162.45",,
"11/26/2025","47","11","2025","145","122","164.52","144.93","141.33"
"11/19/2025","46","11","2025","146","121","164.82","143.66","138.95"
"11/12/2025","45","11","2025","145","137","171.55","142.38","135.39"
"11/05/2025","44","11","2025","142","130","184.7","144.93","141.33"
"10/29/2025","43","10","2025","140","130","184.7","145.56","142.52"
"10/22/2025","42","10","2025","137","126","193.87","144.93","141.33"
"10/15/2025","41","10","2025","138","124","196.01","143.02","138.95"
"10/08/2025","40","10","2025","140","124","185.92","143.66","140.14"
"10/01/2025","39","9","2025","142","122","203.05","145.56","141.33"
"09/24/2025","38","9","2025","141","121","213.14","147.47","141.33"
"09/17/2025","37","9","2025","141","114","219.25","145.56","141.33"
"09/10/2025","36","9","2025","142","113","203.66","142.38","138.95"
"09/03/2025","35","8","2025","141","111","187.45","142.38","138.95"
"08/27/2025","34","8","2025","140","110","178.28","135.39","135.39"
"08/20/2025","33","8","2025","140","111","176.14","136.03","136.58"
"08/13/2025","32","8","2025","142","112","170.63","137.3","136.58"
"08/06/2025","31","8","2025","143","113","172.16","138.57","136.58"
"07/30/2025","30","7","2025","144","113","183.17","138.57","140.14"
"07/23/2025","29","7","2025","144","114","182.56","134.12","140.14"
"07/16/2025","28","7","2025","142","114","168.19","123.95","134.2"
"07/09/2025","27","7","2025","141","114","144.33","122.68","133.02"
"07/02/2025","26","6","2025","141","113","134.55","121.41","129.45"
"06/25/2025","25","6","2025","142","112","127.82","121.41","129.45"
"06/18/2025","24","6","2025","135","113","130.88","117.59","128.27"
"06/11/2025","23","6","2025","131","113","131.18","116.32","125.89"
"06/04/2025","22","6","2025","130","112","133.63","116.96","127.08"
"05/28/2025","21","5","2025","132","115","135.16","117.59","128.27"
"05/21/2025","20","5","2025","133","114","134.85","117.59","128.27"
"05/14/2025","19","5","2025","131","115","137.3","117.59","129.45"
"05/07/2025","18","5","2025","132","114","146.17","117.59","129.45"
"04/30/2025","17","4","2025","133","115","141.89","116.32","128.27"
"04/23/2025","16","4","2025","133","116","141.89","115.05","127.08"
"04/16/2025","15","4","2025","135","118","164.52","116.96","128.27"
"04/09/2025","14","4","2025","137","118","177.67","121.41","135.39"
"04/02/2025","13","3","2025","136","122","186.53","121.41","133.02"
"03/26/2025","12","3","2025","135","126","182.86","120.77","130.64"
"03/19/2025","11","3","2025","134","132","175.83","117.59","128.27"
"03/12/2025","10","3","2025","135","139","176.44","117.59","128.27"
"03/05/2025","9","3","2025","137","128","169.71","118.23","130.64"
"02/26/2025","8","2","2025","140","136","166.35","117.59","129.45"
"02/19/2025","7","2","2025","139","139","166.05","117.59","128.27"
"02/12/2025","6","2","2025","138","124","165.13","115.69","127.08"
"02/05/2025","5","2","2025","138","118","165.74","113.78","122.33"
"01/29/2025","4","1","2025","138","121","158.4","115.05","124.7"
"01/22/2025","3","1","2025","140","119","154.73","116.32","124.7"
"01/15/2025","2","1","2025","136","115","155.95","117.59","123.52"
"01/08/2025","1","1","2025","134","119","155.95","116.32","125.89"
"01/01/2025","52","12","2024","132","117","156.57",,
"12/25/2024","51","12","2024","131","116","155.34","116.32","129.45"
"12/18/2024","50","12","2024","132","115","155.34","118.23","131.83"
"12/11/2024","49","12","2024","130","119","151.37","116.96","131.83"
"12/04/2024","48","12","2024","134","118","151.37",,
"11/27/2024","47","11","2024","134","118","163.6","123.32","136.58"
"11/20/2024","46","11","2024","132","116","164.21","126.49","140.14"
"11/13/2024","45","11","2024","133","120","171.55","127.77","140.14"
"11/06/2024","44","11","2024","133","130","196.93","130.31","141.33"
"10/30/2024","43","10","2024","135","140","266.35","132.85","142.52"
"10/23/2024","42","10","2024","134","144","241.88","137.94","142.52"
"10/16/2024","41","10","2024","137","143","241.58","140.48","143.71"
"10/09/2024","40","10","2024","135","142","249.53","140.48","143.71"
"10/02/2024","39","9","2024","134","148","247.39","142.38","144.89"
"09/25/2024","38","9","2024","134","132","241.27","141.11","144.89"
"09/18/2024","37","9","2024","133","129","242.49","139.21","140.14"
"09/11/2024","36","9","2024","134","124","233.63","142.38","142.52"
"09/04/2024","35","9","2024","137","120","205.49","142.38","142.52"
"08/28/2024","34","8","2024","138","116","187.76","145.56","144.89"
"08/21/2024","33","8","2024","139","118","161.76","151.28","147.27"
"08/14/2024","32","8","2024","140","120","137.91","152.56","148.46"
"08/07/2024","31","8","2024","142","117","135.47","153.83","150.83"
"07/31/2024","30","7","2024","142","121","133.02","152.56","150.83"
"07/24/2024","29","7","2024","143","122","130.27","152.56","150.83"
"07/17/2024","28","7","2024","144","123","110.09","150.01","149.64"
"07/10/2024","27","7","2024","146","127","97.55","152.56","150.83"
"07/03/2024","26","6","2024","144","122","97.24","153.19","152.02"
"06/26/2024","25","6","2024","142","118","94.8","153.19","154.39"
"06/19/2024","24","6","2024","141","118","96.63","152.56","154.39"
"06/12/2024","23","6","2024","138","117","96.94","151.28","152.02"
"06/05/2024","22","6","2024","141","117","96.32","152.56","153.21"
"05/29/2024","21","5","2024","142","117","96.32","156.37","156.77"
"05/22/2024","20","5","2024","143","119","97.85","157.64","156.77"
"05/15/2024","19","5","2024","145","118","102.13","161.45","161.52"
"05/08/2024","18","5","2024","147","116","96.32","157.64","157.96"
"05/01/2024","17","4","2024","149","115","90.51","157.64","157.96"
"04/24/2024","16","4","2024","151","116","83.18","157","157.96"
"04/17/2024","15","4","2024","152","116","90.21","151.92","148.46"
"04/10/2024","14","4","2024","153","118","96.63","155.73","155.58"
"04/03/2024","13","3","2024","151","123","102.75","158.28","156.77"
"03/27/2024","12","3","2024","152","132","108.86","160.18","160.33"
"03/20/2024","11","3","2024","152","130","115.28","155.73","159.14"
"03/13/2024","10","3","2024","151","147","111","153.19","156.77"
"03/06/2024","9","3","2024","152","136","107.33","150.65","152.02"
"02/28/2024","8","2","2024","153","133","113.14","152.56","152.02"
"02/21/2024","7","2","2024","155","124","129.35","149.38","147.27"
"02/14/2024","6","2","2024","155","131","131.49","148.11","147.27"
"02/07/2024","5","2","2024","147","128","137.91","148.74","149.64"
"01/31/2024","4","1","2024","146","130","132.41","150.01","149.64"
"01/24/2024","3","1","2024","145","125","132.41","146.83","144.89"
"01/17/2024","2","1","2024","146","121","131.8","146.83","144.89"
"01/10/2024","1","1","2024","144","121","128.74","154.46","150.83"
"01/03/2024","53","12","2023","146","125","123.54","154.46","150.83"
"12/27/2023","52","12","2023","148","126","122.62",,
"12/20/2023","51","12","2023","147","126","115.59","154.46","150.83"
"12/13/2023","50","12","2023","150","125","114.67","162.09","156.77"
"12/06/2023","49","12","2023","154","124","121.4","159.55","154.39"
"11/29/2023","48","11","2023","156","125","130.88",,
"11/22/2023","47","11","2023","159","125","141.58","144.93","140.14"
"11/15/2023","46","11","2023","162","124","151.37","142.38","137.77"
"11/08/2023","45","11","2023","165","121","156.87","142.38","136.58"
"11/01/2023","44","10","2023","168","120","172.16","144.93","140.14"
"10/25/2023","43","10","2023","172","120","194.48","144.93","141.33"
"10/18/2023","42","10","2023","168","119","179.19","144.93","142.52"
"10/11/2023","41","10","2023","170","126","201.21","146.2","144.89"
"10/04/2023","40","10","2023","173","127","302.12","146.2","144.89"
"09/27/2023","39","9","2023","173","133","305.79","146.2","144.89"
"09/20/2023","38","9","2023","175","129","256.56","137.3","137.77"
"09/13/2023","37","9","2023","171","120","233.93","137.3","137.77"
"09/06/2023","36","9","2023","170","116","197.24","136.03","135.39"
"08/30/2023","35","8","2023","169","116","178.58","132.21","130.64"
"08/23/2023","34","8","2023","166","115","121.71","132.21","130.64"
"08/16/2023","33","8","2023","165","113","122.93","122.04","123.52"
"08/09/2023","32","8","2023","160","113","126.29","118.23","123.52"
"08/02/2023","31","7","2023","156","114","120.79","114.42","118.76"
"07/26/2023","30","7","2023","148","114","116.51","118.23","121.14"
"07/19/2023","29","7","2023","144","114","112.53","118.87","122.33"
"07/12/2023","28","7","2023","144","111","94.8","117.59","121.14"
"07/05/2023","27","7","2023","142","110","79.2","120.77","123.52"
"06/28/2023","26","6","2023","143","112","74","123.32","125.89"
"06/21/2023","25","6","2023","144","112","73.08","123.32","128.27"
"06/14/2023","24","6","2023","143","112","72.17","122.04","125.89"
"06/07/2023","23","6","2023","143","112","74.92","122.04","125.89"
"05/31/2023","22","5","2023","145","112","77.98","127.13","130.64"
"05/24/2023","21","5","2023","147","112","83.48","129.67","134.2"
"05/17/2023","20","5","2023","147","112","88.07","130.31","135.39"
"05/10/2023","19","5","2023","148","113","87.76","135.39","142.52"
"05/03/2023","18","4","2023","152","113","107.03","139.21","142.52"
"04/26/2023","17","4","2023","154","115","125.68","139.21","142.52"
"04/19/2023","16","4","2023","155","116","142.81","141.75","142.52"
"04/12/2023","15","4","2023","155","115","162.38","141.11","142.52"
"04/05/2023","14","4","2023","155","114","171.55","132.21","137.77"
"03/29/2023","13","3","2023","156","116","174.61","132.21","137.77"
"03/22/2023","12","3","2023","158","116","162.07","136.03","144.89"
"03/15/2023","11","3","2023","160","117","152.28","133.49","140.14"
"03/08/2023","10","3","2023","162","114","148.92","133.49","137.77"
"03/01/2023","9","2","2023","162","116","145.56","123.32","125.89"
"02/22/2023","8","2","2023","165","116","153.51","121.41","123.52"
"02/15/2023","7","2","2023","168","114","156.87","122.04","130.64"
"02/08/2023","6","2","2023","171","116","183.17","127.13","134.2"
"02/01/2023","5","1","2023","174","120","204.88","130.94","134.2"
"01/25/2023","4","1","2023","174","126","200.6","130.94","134.2"
"01/18/2023","3","1","2023","171","132","192.65","132.85","134.2"
"01/11/2023","2","1","2023","172","137","198.15","137.3","144.89"
"01/04/2023","1","1","2023","173","147","270.93","142.38","149.64"
"12/28/2022","52","12","2022","171","146","282.86",,
"12/21/2022","51","12","2022","173","138","286.22","144.93","152.02"
"12/14/2022","50","12","2022","179","131","280.11","145.56","152.02"
"12/07/2022","49","12","2022","187","132","268.49","144.93","153.21"
"11/30/2022","48","11","2022","194","128","287.14",,
"11/23/2022","47","11","2022","197","125","288.67","147.47","157.96"
"11/16/2022","46","11","2022","200","136","368.79","146.2","161.52"
"11/09/2022","45","11","2022","201","136","372.15","147.47","161.52"
"11/02/2022","44","10","2022","201","159","588.65","157.64","168.65"
"10/26/2022","43","10","2022","202","153","632.07","160.82","175.77"
"10/19/2022","42","10","2022","201","167","592.63","162.09","175.77"
"10/12/2022","41","10","2022","197","160","634.52","155.73","171.02"
"10/05/2022","40","10","2022","182","153","575.2","155.1","171.02"
"09/28/2022","39","9","2022","184","136","353.8","155.1","171.02"
"09/21/2022","38","9","2022","187","147","291.11","156.37","173.4"
"09/14/2022","37","9","2022","190","120","249.83","147.47","159.14"
"09/07/2022","36","9","2022","192","117","197.85","144.93","159.14"
"08/31/2022","35","8","2022","193","118","156.87","156.37","168.65"
"08/24/2022","34","8","2022","185","125","141.89","160.18","173.4"
"08/17/2022","33","8","2022","185","117","137","166.54","180.52"
"08/10/2022","32","8","2022","188","116","136.69","169.08","187.65"
"08/03/2022","31","7","2022","194","113","138.83","174.17","192.4"
"07/27/2022","30","7","2022","199","114","151.37","175.44","192.4"
"07/20/2022","29","7","2022","205","114","140.36","180.52","194.77"
"07/13/2022","28","7","2022","210","113","124.76","190.69","205.46"
"07/06/2022","27","7","2022","214","112","123.54","194.51","209.03"
"06/29/2022","26","6","2022","218","109","129.66","200.86","213.78"
"06/22/2022","25","6","2022","219","110","149.53","202.14","214.96"
"06/15/2022","24","6","2022","216","117","143.42","202.14","214.96"
"06/08/2022","23","6","2022","215","132","133.02","204.04","218.53"
"06/01/2022","22","5","2022","209","129","134.85","207.22","223.28"
"05/25/2022","21","5","2022","210","125","133.02","209.76","223.28"
"05/18/2022","20","5","2022","212","138","142.81","208.49","220.9"
"05/11/2022","19","5","2022","212","152","159.93","202.14","211.4"
"05/04/2022","18","5","2022","208","133","168.8","200.86","210.21"
"04/27/2022","17","4","2022","195","144","173.38","200.86","212.59"
"04/20/2022","16","4","2022","192","152","186.84","199.59","210.21"
"04/13/2022","15","4","2022","191","147","246.16","197.05","207.84"
"04/06/2022","14","4","2022","194","130","273.38","199.59","209.03"
"03/30/2022","13","3","2022","196","154","248.92","199.59","209.03"
"03/23/2022","12","3","2022","194","148","258.7","189.42","203.09"
"03/16/2022","11","3","2022","198","134","302.73","200.86","210.21"
"03/09/2022","10","3","2022","183","118","273.07","180.52","186.46"
"03/02/2022","9","2","2022","155","110","188.67","174.17","181.71"
"02/23/2022","8","2","2022","153","108","170.02","167.81","172.21"
"02/16/2022","7","2","2022","152","108","211.91","165.27","171.02"
"02/09/2022","6","2","2022","149","122","220.48","155.1","161.52"
"02/02/2022","5","1","2022","145","130","266.35","158.91","163.9"
"01/26/2022","4","1","2022","143","132","262.98","164","166.27"
"01/19/2022","3","1","2022","141","136","259.92","174.17","178.15"
"01/12/2022","2","1","2022","138","153","214.05","179.25","184.09"
"01/05/2022","1","1","2022","136","140","172.47","175.44","176.96"
"12/29/2021","52","12","2021","136","134","218.64",,
"12/22/2021","51","12","2021","137","124","225.67","177.98","176.96"
"12/15/2021","50","12","2021","138","126","200.29","184.34","185.27"
"12/08/2021","49","12","2021","139","113","174.91","180.52","178.15"
"12/01/2021","48","11","2021","140","113","146.78",,
"11/24/2021","47","11","2021","141","113","143.11","177.98","178.15"
"11/17/2021","46","11","2021","141","113","139.75","198.32","199.52"
"11/10/2021","45","11","2021","141","112","155.34","214.85","214.96"
"11/03/2021","44","10","2021","141","110","144.64","227.56","232.78"
"10/27/2021","43","10","2021","140","109","179.81","231.38","237.53"
"10/20/2021","42","10","2021","139","107","192.65","215.48","223.28"
"10/13/2021","41","10","2021","135","106","151.37","214.21","220.9"
"10/06/2021","40","10","2021","131","110","211.61","214.21","220.9"
"09/29/2021","39","9","2021","129","117","238.21","209.76","216.15"
"09/22/2021","38","9","2021","128","120","216.81","207.22","213.78"
"09/15/2021","37","9","2021","127","108","183.17","204.04","210.21"
"09/08/2021","36","9","2021","127","104","172.16","209.13","212.59"
"09/01/2021","35","8","2021","126","102","131.49","208.49","211.4"
"08/25/2021","34","8","2021","125","102","115.59","207.22","209.03"
"08/18/2021","33","8","2021","127","100","113.14","200.86","204.28"
"08/11/2021","32","8","2021","127","100","106.42","200.86","204.28"
"08/04/2021","31","8","2021","127","101","103.05","205.95","204.28"
"07/28/2021","30","7","2021","126","99","85.62","205.95","209.03"
"07/21/2021","29","7","2021","126","98","84.4","213.58","213.78"
"07/14/2021","28","7","2021","126","97","84.09","216.12","219.71"
"07/07/2021","27","7","2021","126","97","84.09","208.49","218.53"
"06/30/2021","26","6","2021","125","96","85.93","190.69","204.28"
"06/23/2021","25","6","2021","124","96","90.21","186.88","201.9"
"06/16/2021","24","6","2021","124","96","92.96","172.9","185.27"
"06/09/2021","23","6","2021","124","96","94.18","167.81","181.71"
"06/02/2021","22","5","2021","123","96","101.83","167.81","182.9"
"05/26/2021","21","5","2021","123","97","115.59","167.81","182.9"
"05/19/2021","20","5","2021","123","100","114.37","170.35","187.65"
"05/12/2021","19","5","2021","120","100","118.65","165.27","180.52"
"05/05/2021","18","5","2021","119","99","103.97","160.18","173.4"
"04/28/2021","17","4","2021","118","101","105.8","158.91","173.4"
"04/21/2021","16","4","2021","118","102","105.5","147.47","161.52"
"04/14/2021","15","4","2021","118","109","103.36","155.1","168.65"
"04/07/2021","14","4","2021","119","104","109.78","156.37","171.02"
"03/31/2021","13","3","2021","119","101","113.75","156.37","171.02"
"03/24/2021","12","3","2021","121","105","115.59","153.19","166.27"
"03/17/2021","11","3","2021","120","106","116.51","146.83","154.39"
"03/10/2021","10","3","2021","119","108","113.75","146.2","153.21"
"03/03/2021","9","2","2021","116","101","116.51","146.2","153.21"
"02/24/2021","8","2","2021","112","105","132.71","137.3","153.21"
"02/17/2021","7","2","2021","109","107","132.71","124.59","128.27"
"02/10/2021","6","2","2021","106","100","127.21","118.87","127.08"
"02/03/2021","5","1","2021","103","103","128.43","118.23","127.08"
"01/27/2021","4","1","2021","102","109","120.79","117.59","125.89"
"01/20/2021","3","1","2021","102","109","140.66","116.96","125.89"
"01/13/2021","2","1","2021","101","104","136.08","109.97","116.39"
"01/06/2021","1","1","2021","100","108","127.82","106.79","112.83"
"12/30/2020","52","12","2020","99","110","127.82",,
"12/23/2020","51","12","2020","99","108","126.29","106.79","112.83"
"12/16/2020","50","12","2020","97","106","131.8","105.52","110.45"
"12/09/2020","49","12","2020","95","100","127.52","105.52","110.45"
"12/02/2020","48","11","2020","94","101","142.19",,
"11/25/2020","47","11","2020","93","100","141.58","105.52","109.26"
"11/18/2020","46","11","2020","92","101","157.48","104.88","108.08"
"11/11/2020","45","11","2020","90","107","203.35","107.42","110.45"
"11/04/2020","44","11","2020","90","109","182.25","108.06","111.64"
"10/28/2020","43","10","2020","90","108","157.79","108.06","112.83"
"10/21/2020","42","10","2020","90","113","192.34","109.33","112.83"
"10/14/2020","41","10","2020","90","114","193.87","109.97","112.83"
"10/07/2020","40","10","2020","90","116","156.87","109.97","112.83"
"09/30/2020","39","9","2020","90","126","145.86","109.97","112.83"
"09/23/2020","38","9","2020","91","122","138.22","110.6","112.83"
"09/16/2020","37","9","2020","91","115","118.65","111.87","114.01"
"09/09/2020","36","9","2020","92","109","109.47","114.42","117.58"
"09/02/2020","35","8","2020","92","117","111.61","114.42","117.58"
"08/26/2020","34","8","2020","92","112","111","113.15","115.2"
"08/19/2020","33","8","2020","92","106","113.14","113.15","115.2"
"08/12/2020","32","8","2020","92","106","105.19","108.06","108.08"
"08/05/2020","31","8","2020","91","111","111.31","105.52","103.33"
"07/29/2020","30","7","2020","92","106","114.67","105.52","98.57"
"07/22/2020","29","7","2020","92","105","104.89","108.06","102.14"
"07/15/2020","28","7","2020","92","102","88.99","100.43","99.76"
"07/08/2020","27","7","2020","92","101","90.21","100.43","97.39"
"07/01/2020","26","6","2020","92","102","88.07","99.8","97.39"
"06/24/2020","25","6","2020","92","101","86.54","95.98","95.01"
"06/17/2020","24","6","2020","91","104","81.95","90.26","89.07"
"06/10/2020","23","6","2020","90","102","89.9","88.99","87.89"
"06/03/2020","22","5","2020","90","101","86.54","87.08","85.51"
"05/27/2020","21","5","2020","90","101","88.07","86.45","84.32"
"05/20/2020","20","5","2020","90","100","85.32","86.45","84.32"
"05/13/2020","19","5","2020","90","98","79.2","88.99","86.7"
"05/06/2020","18","5","2020","91","100","78.59","91.53","89.07"
"04/29/2020","17","4","2020","92","101","82.87","94.71","91.45"
"04/22/2020","16","4","2020","94","102","86.54","97.25","93.82"
"04/15/2020","15","4","2020","95","102","94.18","98.53","93.82"
"04/08/2020","14","4","2020","96","102","100.91","98.53","93.82"
"04/01/2020","13","3","2020","98","102","100.91","99.16","95.01"
"03/25/2020","12","3","2020","100","103","92.96","104.88","100.95"
"03/18/2020","11","3","2020","103","100","85.01","109.97","110.45"
"03/11/2020","10","3","2020","106","103","84.09","111.24","112.83"
"03/04/2020","9","3","2020","108","100","88.07","110.6","111.64"
"02/26/2020","8","2","2020","109","102","86.85","109.97","108.08"
"02/19/2020","7","2","2020","109","97","89.29","108.7","105.7"
"02/12/2020","6","2","2020","110","97","90.51","106.79","104.51"
"02/05/2020","5","2","2020","112","100","93.88","114.42","115.2"
"01/29/2020","4","1","2020","114","103","99.69","115.69","117.58"
"01/22/2020","3","1","2020","115","103","101.83","116.96","117.58"
"01/15/2020","2","1","2020","116","94","102.13","114.42","115.2"
"01/08/2020","1","1","2020","116","95","94.8","116.32","118.76"
"01/01/2020","52","12","2019","116","97","96.32",,
"12/25/2019","51","12","2019","115","96","97.24","118.23","121.14"
"12/18/2019","50","12","2019","115","96","103.36","120.14","122.33"
"12/11/2019","49","12","2019","115","92","104.89","118.87","119.95"
"12/04/2019","48","12","2019","116","96","107.33",,
"11/27/2019","47","11","2019","116","102","113.45","117.59","117.58"
"11/20/2019","46","11","2019","116","101","121.09","118.23","117.58"
"11/13/2019","45","11","2019","116","105","123.23","123.32","124.7"
"11/06/2019","44","11","2019","116","105","105.19","125.86","128.27"
"10/30/2019","43","10","2019","116","101","112.23","128.4","133.02"
"10/23/2019","42","10","2019","115","105","120.48","130.94","135.39"
"10/16/2019","41","10","2019","115","103","113.14","130.94","135.39"
"10/09/2019","40","10","2019","115","103","117.42","130.31","135.39"
"10/02/2019","39","9","2019","116","97","110.09","130.94","136.58"
"09/25/2019","38","9","2019","116","97","113.75","132.85","140.14"
"09/18/2019","37","9","2019","113","98","115.9","132.21","141.33"
"09/11/2019","36","9","2019","112","96","120.18","133.49","142.52"
"09/04/2019","35","9","2019","112","96","134.24","131.58","138.95"
"08/28/2019","34","8","2019","113","98","143.11","129.67","135.39"
"08/21/2019","33","8","2019","113","99","144.03","128.4","131.83"
"08/14/2019","32","8","2019","114","99","158.71","124.59","128.27"
"08/07/2019","31","8","2019","114","98","164.52","125.86","130.64"
"07/31/2019","30","7","2019","114","98","157.79","128.4","133.02"
"07/24/2019","29","7","2019","115","100","162.99","125.86","128.27"
"07/17/2019","28","7","2019","115","101","152.9","118.23","121.14"
"07/10/2019","27","7","2019","115","101","138.52","113.15","115.2"
"07/03/2019","26","6","2019","115","99","149.23","109.33","112.83"
"06/26/2019","25","6","2019","115","105","141.58","108.7","112.83"
"06/19/2019","24","6","2019","116","105","161.46","109.97","112.83"
"06/12/2019","23","6","2019","117","106",,"111.24","114.01"
"06/05/2019","22","6","2019","118","102",,"111.87","115.2"
"05/29/2019","21","5","2019","119","100",,"110.6","114.01"
"05/22/2019","20","5","2019","119","98","126.29","109.33","111.64"
"05/15/2019","19","5","2019","119","102",,"108.06","109.26"
"05/08/2019","18","5","2019","120","99",,"108.06","109.26"
"05/01/2019","17","4","2019","120","103","117.73","107.42","109.26"
"04/24/2019","16","4","2019","119","99","115.59","106.79","109.26"
"04/17/2019","15","4","2019","118","106","116.2","106.79","111.64"
"04/10/2019","14","4","2019","117","114","123.23","106.79","112.83"
"04/03/2019","13","3","2019","116","108","137.61","105.52","112.83"
"03/27/2019","12","3","2019","116","115","160.54","104.25","111.64"
"03/20/2019","11","3","2019","116","134","143.72","101.7","109.26"
"03/13/2019","10","3","2019","116","138","151.37","101.7","109.26"
"03/06/2019","9","3","2019","116","142","160.54","100.43","108.08"
"02/27/2019","8","2","2019","115","127","183.48","99.8","105.7"
"02/20/2019","7","2","2019","113","126","160.54","99.16","104.51"
"02/13/2019","6","2","2019","112","111","164.52","96.62","102.14"
"02/06/2019","5","2","2019","112","107","137.61","99.16","104.51"
"01/30/2019","4","1","2019","112","101","141.58","104.25","109.26"
"01/23/2019","3","1","2019","112","101","137.61","109.33","111.64"
"01/16/2019","2","1","2019","112","97","133.94","114.42","114.01"
"01/09/2019","1","1","2019","114","97","122.32","119.5","118.76"
"01/02/2019","52","12","2018","115","102","118.65","0","0"
"12/26/2018","51","12","2018","116","102","117.12","122.04","122.33"
"12/19/2018","50","12","2018","118","97","137.61","122.04","122.33"
"12/12/2018","49","12","2018","119","99","126.29","122.04","123.52"
"12/05/2018","48","12","2018","121","99","103.97","122.04","124.7"
"11/28/2018","47","11","2018","123","98","98.77","0","0"
"11/21/2018","46","11","2018","124","96","97.85","122.04","127.08"
"11/14/2018","45","11","2018","125","96","102.44","123.32","128.27"
"11/07/2018","44","11","2018","126","97","109.47","124.59","129.45"
"10/31/2018","43","10","2018","127","100","145.25","125.22","130.64"
"10/24/2018","42","10","2018","128","102","155.34","126.49","131.83"
"10/17/2018","41","10","2018","128","98","155.34","125.86","131.83"
"10/10/2018","40","10","2018","128","100","152.9","120.77","127.08"
"10/03/2018","39","9","2018","125","102","159.93","120.14","125.89"
"09/26/2018","38","9","2018","123","99","147.7","118.87","121.14"
"09/19/2018","37","9","2018","123","97","158.4","117.59","118.76"
"09/12/2018","36","9","2018","123","96","149.23","116.96","118.76"
"09/05/2018","35","9","2018","123","99","164.52","116.96","118.76"
"08/29/2018","34","8","2018","122","98","181.33","116.96","118.76"
"08/22/2018","33","8","2018","121","101","142.19","114.42","117.58"
"08/15/2018","32","8","2018","121","99","160.54","111.87","115.2"
"08/08/2018","31","8","2018","122","97","181.95","111.24","115.2"
"08/01/2018","30","7","2018","122","98","165.74","111.87","117.58"
"07/25/2018","29","7","2018","122","99","136.08","111.87","117.58"
"07/18/2018","28","7","2018","122","105","126.29","111.87","117.58"
"07/11/2018","27","7","2018","122","105","127.21","110.6","117.58"
"07/04/2018","26","7","2018","122","108","128.13","109.97","116.39"
"06/27/2018","25","6","2018","121","105","136.69","110.6","117.58"
"06/20/2018","24","6","2018","122","106","139.44","111.87","118.76"
"06/13/2018","23","6","2018","123","102","173.69","109.33","116.39"
"06/06/2018","22","6","2018","124","106","163.6","106.79","115.2"
"05/30/2018","21","5","2018","124","104","149.84","110.6","115.2"
"05/23/2018","20","5","2018","124","103","147.39","111.87","116.39"
"05/16/2018","19","5","2018","122","106","145.25","111.87","116.39"
"05/09/2018","18","5","2018","120","102","141.58","112.51","114.01"
"05/02/2018","17","4","2018","119","109","133.94","112.51","114.01"
"04/25/2018","16","4","2018","118","111","162.07","111.87","114.01"
"04/18/2018","15","4","2018","117","108","197.24","111.87","115.2"
"04/11/2018","14","4","2018","115","105","181.03","111.87","115.2"
"04/04/2018","13","4","2018","115","106","170.63","114.42","116.39"
"03/28/2018","12","3","2018","114","103","149.23","115.05","116.39"
"03/21/2018","11","3","2018","112","100","145.25","115.05","116.39"
"03/14/2018","10","3","2018","112","112","174.3","114.42","114.01"
"03/07/2018","9","3","2018","113","112","144.95","113.15","114.01"
"02/28/2018","8","2","2018","113","117","119.26","111.87","112.83"
"02/21/2018","7","2","2018","114","107","116.2","109.33","110.45"
"02/14/2018","6","2","2018","116","103","114.06","109.33","110.45"
"02/07/2018","5","2","2018","116","98","111","112.51","116.39"
"01/31/2018","4","1","2018","113","100","109.47","113.78","118.76"
"01/24/2018","3","1","2018","114","99","100.61","113.15","116.39"
"01/17/2018","2","1","2018","114","102","122.32","113.78","116.39"
"01/10/2018","1","1","2018","113","98","109.47","109.33","114.01"
"01/03/2018","53","12","2017","112","100","103.36",,
"12/27/2017","52","12","2017","110","98","89.6","112.51","117.58"
"12/20/2017","51","12","2017","109","95","85.01","115.69","119.95"
"12/13/2017","50","12","2017","110","96","85.01","112.51","117.58"
"12/06/2017","49","12","2017","110","97","87.15","112.51","117.58"
"11/29/2017","48","11","2017","110","96","91.74",,
"11/22/2017","47","11","2017","110","97","95.71","107.42","114.01"
"11/15/2017","46","11","2017","110","95","116.2","109.33","116.39"
"11/08/2017","45","11","2017","109","93","122.32","109.33","116.39"
"11/01/2017","44","10","2017","106","94","135.47","110.6","117.58"
"10/25/2017","43","10","2017","106","96","122.32","111.87","121.14"
"10/18/2017","42","10","2017","105","104","129.96","108.06","114.01"
"10/11/2017","41","10","2017","105","102","126.29","105.52","109.26"
"10/04/2017","40","10","2017","105","101","236.99","107.42","111.64"
"09/27/2017","39","9","2017","105","103","187.45","108.7","114.01"
"09/20/2017","38","9","2017","105","99","133.02","108.06","111.64"
"09/13/2017","37","9","2017","106","97","105.5","101.7","102.14"
"09/06/2017","36","9","2017","104","101","103.36","98.53","95.01"
"08/30/2017","35","8","2017","98","99","102.44","100.43","97.39"
"08/23/2017","34","8","2017","98","93","104.58","99.16","95.01"
"08/16/2017","33","8","2017","211","92","94.18","94.08","90.26"
"08/09/2017","32","8","2017","97","91","90.21","94.08","90.26"
"08/02/2017","31","7","2017","96","92","91.13","95.35","91.45"
"07/26/2017","30","7","2017","95","92","91.13","97.25","93.82"
"07/19/2017","29","7","2017","94","92","94.18","95.35","91.45"
"07/12/2017","28","7","2017","94","90","95.41","94.08","90.26"
"07/05/2017","27","7","2017","93","91","88.07","94.71","90.26"
"06/28/2017","26","6","2017","93","93","97.24","93.44","90.26"
"06/21/2017","25","6","2017","94","93","90.21","92.17","87.89"
"06/14/2017","24","6","2017","95","92","77.98","91.53","85.51"
"06/07/2017","23","6","2017","97","95","81.95","92.8","87.89"
"05/31/2017","22","5","2017","97","103","85.01","94.08","90.26"
"05/24/2017","21","5","2017","96","97","80.42","94.71","92.64"
"05/17/2017","20","5","2017","96","93","81.03","97.25","93.82"
"05/10/2017","19","5","2017","97","92","93.27","98.53","96.2"
"05/03/2017","18","4","2017","97","90","81.03","101.07","99.76"
"04/26/2017","17","4","2017","98","90","72.78","102.97","104.51"
"04/19/2017","16","4","2017","98","91","74.92","102.34","105.7"
"04/12/2017","15","4","2017","97","89","74.31","99.16","99.76"
"04/05/2017","14","4","2017","96","89","77.98","99.16","100.95"
"03/29/2017","13","3","2017","96","97","77.98","96.62","97.39"
"03/22/2017","12","3","2017","96","92","81.95","97.89","99.76"
"03/15/2017","11","3","2017","97","104","94.8","99.16","100.95"
"03/08/2017","10","3","2017","97","142","93.88","94.71","93.82"
"03/01/2017","9","2","2017","97","130","94.18","92.8","90.26"
"02/22/2017","8","2","2017","97","119","88.68","90.9","87.89"
"02/15/2017","7","2","2017","97","137","96.32","90.9","86.7"
"02/08/2017","6","2","2017","97","119","105.5","89.63","84.32"
"02/01/2017","5","1","2017","97","116","94.18","90.26","85.51"
"01/25/2017","4","1","2017","97","110","114.67","89.63","85.51"
"01/18/2017","3","1","2017","98","114","105.5","88.99","85.51"
"01/11/2017","2","1","2017","98","109","97.85","88.99","84.32"
"01/04/2017","1","1","2017","98","107","81.95","90.26","86.7"
"12/28/2016","52","12","2016","96","104","83.48","90.26","86.7"
"12/21/2016","51","12","2016","95","96","85.01","93.44","91.45"
"12/14/2016","50","12","2016","94","93","79.51","95.35","95.01"
"12/07/2016","49","12","2016","94","93","71.25","94.08","95.01"
"11/30/2016","48","11","2016","91","93","73.39","90.26","91.45"
"11/23/2016","47","11","2016","91","93","74.92","90.26","95.01"
"11/16/2016","46","11","2016","92","94","78.89","81.36","84.32"
"11/09/2016","45","11","2016","93","94","91.74","80.73","84.32"
"11/02/2016","44","10","2016","94","94","137.61","80.73","85.51"
"10/26/2016","43","10","2016","94","100","156.87","80.73","85.51"
"10/19/2016","42","10","2016","94","109","112.53","76.91","83.14"
"10/12/2016","41","10","2016","92","110","105.5","75.64","77.2"
"10/05/2016","40","10","2016","90","114","133.94","76.28","78.38"
"09/28/2016","39","9","2016","90","112","163.6","76.91","78.38"
"09/21/2016","38","9","2016","90","116","127.82","76.28","77.2"
"09/14/2016","37","9","2016","91","94","132.41","77.55","78.38"
"09/07/2016","36","9","2016","91","107","123.85","76.28","78.38"
"08/31/2016","35","8","2016","91","109","117.73","75.01","78.38"
"08/24/2016","34","8","2016","89","106","119.26","74.37","78.38"
"08/17/2016","33","8","2016","87","103","119.26","71.83","76.01"
"08/10/2016","32","8","2016","87","101","111","71.83","76.01"
"08/03/2016","31","7","2016","89","97","120.18","75.01","78.38"
"07/27/2016","30","7","2016","90","95","120.79","79.46","83.14"
"07/20/2016","29","7","2016","91","94","129.04","79.46","83.14"
"07/13/2016","28","7","2016","91","91","118.49","79.46","80.76"
"07/06/2016","27","7","2016","91","91","138.52","74.37","76.01"
"06/29/2016","26","6","2016","92","89","122.32","73.1","76.01"
"06/22/2016","25","6","2016","92","89","123.85","71.83","73.63"
"06/15/2016","24","6","2016","92","89","95.71","71.83","76.01"
"06/08/2016","23","6","2016","91","88","83.48","71.19","77.2"
"06/01/2016","22","5","2016","90","87","74","69.29","78.38"
"05/25/2016","21","5","2016","89","88","71.86","67.38","76.01"
"05/18/2016","20","5","2016","87","85","78.89","64.84","73.63"
"05/11/2016","19","5","2016","86","85","79.51","63.56","71.26"
"05/04/2016","18","5","2016","86","85","80.42","63.56","71.26"
"04/27/2016","17","4","2016","83","86","81.95","63.56","71.26"
"04/20/2016","16","4","2016","82","85","88.07","62.29","70.07"
"04/13/2016","15","4","2016","80","85","85.01","61.02","68.88"
"04/06/2016","14","4","2016","80","85","85.62","59.75","66.51"
"03/30/2016","13","3","2016","80","85","85.62","58.48","66.51"
"03/23/2016","12","3","2016","80","87","75.84","58.48","66.51"
"03/16/2016","11","3","2016","79","85","71.25","59.75","66.51"
"03/09/2016","10","3","2016","76","85","68.8","57.84","62.95"
"03/02/2016","9","2","2016","75","86","70.33","57.21","61.76"
"02/24/2016","8","2","2016","75","87","77.98","57.21","61.76"
"02/17/2016","7","2","2016","75","89","78.89","57.84","60.57"
"02/10/2016","6","2","2016","76","87","84.7","57.21","59.38"
"02/03/2016","5","1","2016","77","88","90.51","57.84","59.38"
"01/27/2016","4","1","2016","78","88","93.27","59.12","61.76"
"01/20/2016","3","1","2016","80","88","85.62","62.29","64.13"
"01/13/2016","2","1","2016","82","86","87.15","64.2","66.51"
"01/06/2016","1","1","2016","83","85","91.74","64.2","66.51"
"12/30/2015","52","12","2015","84.339622","85","86.54","0","0"
"12/23/2015","51","12","2015","86","85","84.09","64.2","66.51"
"12/16/2015","50","12","2015","88","86","88.68","64.84","66.51"
"12/09/2015","49","12","2015","90","85","85.62","67.38","68.88"
"12/02/2015","48","11","2015","91","86","85.62","0","0"
"11/25/2015","47","11","2015","92","84","84.09","75.01","73.63"
"11/18/2015","46","11","2015","94","84","103.97","77.55","78.38"
"11/11/2015","45","11","2015","94","84","95.71","78.18","80.76"
"11/04/2015","44","11","2015","94","84","110.7","78.18","80.76"
"10/28/2015","43","10","2015","94","86","128.43","76.91","80.76"
"10/21/2015","42","10","2015","96","86","158.09","84.54","84.32"
"10/14/2015","41","10","2015","96","94","152.9","83.91","84.32"
"10/07/2015","40","10","2015","94","95","181.03","83.91","84.32"
"09/30/2015","39","9","2015","93","103","197.85","84.54","84.32"
"09/23/2015","38","9","2015","94","99","184.39","86.45","85.51"
"09/16/2015","37","9","2015","95","89","152.9","87.72","85.51"
"09/09/2015","36","9","2015","96","89","135.47","91.53","90.26"
"09/02/2015","35","8","2015","95","87","122.32","91.53","90.26"
"08/26/2015","34","8","2015","97","89","103.97","91.53","91.45"
"08/19/2015","33","8","2015","99","88","96.94","90.26","89.07"
"08/12/2015","32","8","2015","99","89","103.05","87.72","86.7"
"08/05/2015","31","8","2015","101","90","100.3","88.99","87.89"
"07/29/2015","30","7","2015","103","91","107.03","90.26","90.26"
"07/22/2015","29","7","2015","105","91","114.67","91.53","92.64"
"07/15/2015","28","7","2015","106","92","116.81","82.63","87.89"
"07/08/2015","27","7","2015","107","90","129.96","81.36","85.51"
"07/01/2015","26","6","2015","107","88",,"81.36","85.51"
"06/24/2015","25","6","2015","108","88",,"82.63","87.89"
"06/17/2015","24","6","2015","108","87","120.79","78.82","81.95"
"06/10/2015","23","6","2015","109","86","113.14","76.79","78.38"
"06/03/2015","22","5","2015","110","86","114.06","76.28","78.38"
"05/27/2015","21","5","2015","110","87","112.53","76.91","78.38"
"05/20/2015","20","5","2015","110","88","116.2","76.28","77.2"
"05/13/2015","19","5","2015","109","87","124.76","76.28","77.2"
"05/06/2015","18","5","2015","108","91","120.79","78.18","80.76"
"04/29/2015","17","4","2015","106","91","123.85","78.82","80.76"
"04/22/2015","16","4","2015","105","91","123.85","78.82","80.76"
"04/15/2015","15","4","2015","104","89","142.81","78.82","80.76"
"04/08/2015","14","4","2015","105","91","134.55","78.82","80.76"
"04/01/2015","13","3","2015","107","92","129.35","81.36","85.51"
"03/25/2015","12","3","2015","108","92","133.02","81.36","85.51"
"03/18/2015","11","3","2015","110","95","121.4","81.36","85.51"
"03/11/2015","10","3","2015","111","91","111.61","81.36","85.51"
"03/04/2015","9","3","2015","111","90","120.18","78.82","80.76"
"02/25/2015","8","2","2015","109","94","137.61","72.46","80.76"
"02/18/2015","7","2","2015","108","94","128.43","69.92","76.01"
"02/11/2015","6","2","2015","107","95","125.37","71.19","76.01"
"02/04/2015","5","2","2015","107","92","134.55","71.19","76.01"
"01/28/2015","4","1","2015","108","93","143.72","86.45","87.89"
"01/21/2015","3","1","2015","111","93","152.9","88.99","92.64"
"01/14/2015","2","1","2015","115","88","144.33","92.8","95.01"
"01/07/2015","1","1","2015","118","93","122.32","99.16","99.76"
"12/31/2014","52","12","2014","121","96","119.26","101.7","102.14"
"12/24/2014","51","12","2014","124","97","136.69","101.7","102.14"
"12/17/2014","50","12","2014","129","95","151.37","105.52","106.89"
"12/10/2014","49","12","2014","133","97","153.81","108.06","109.26"
"12/03/2014","48","11","2014","136","95","175.83","110.6","114.01"
"11/26/2014","47","11","2014","137","95","168.19","110.6","114.01"
"11/19/2014","46","11","2014","138","98","204.58","113.78","116.39"
"11/12/2014","45","11","2014","139","104","234.54","115.69","118.76"
"11/05/2014","44","11","2014","137","117","259.92","116.96","121.14"
"10/29/2014","43","10","2014","137","131","267.57","116.96","116.39"
"10/22/2014","42","10","2014","138","135","266.96","115.69","116.39"
"10/15/2014","41","10","2014","140","180","254.73","116.96","118.76"
"10/08/2014","40","10","2014","141","169","272.77","119.5","116.39"
"10/01/2014","39","9","2014","142","183","326.28","116.96","121.14"
"09/24/2014","38","9","2014","143","159","252.28","115.69","121.14"
"09/17/2014","37","9","2014","143","134","193.57","118.23","123.52"
"09/10/2014","36","9","2014","144","123","203.96","118.23","123.52"
"09/03/2014","35","8","2014","144","120","182.25","116.96","123.52"
"08/27/2014","34","8","2014","144","118","143.42","111.87","116.39"
"08/20/2014","33","8","2014","145","123","142.81","109.33","114.01"
"08/13/2014","32","8","2014","145","128","135.16","105.52","108.08"
"08/06/2014","31","8","2014","145","134","143.11","105.52","109.26"
"07/30/2014","30","7","2014","146","146","171.24","106.79","110.45"
"07/23/2014","29","7","2014","146","128","167.27","108.06","111.64"
"07/16/2014","28","7","2014","147","121","123.85","109.33","114.01"
"07/09/2014","27","7","2014","148","103","105.5","109.33","111.64"
"07/02/2014","26","6","2014","148","117","115.59","106.79","104.51"
"06/25/2014","25","6","2014","148","110","112.84","110.6","109.26"
"06/18/2014","24","6","2014","146","107","112.23","111.87","109.26"
"06/11/2014","23","6","2014","147","110","114.06","114.42","114.01"
"06/04/2014","22","6","2014","148","104","107.94","116.96","118.76"
"05/28/2014","21","5","2014","148","104","110.09","119.5","123.52"
"05/21/2014","20","5","2014","148","96","114.06","120.77","125.89"
"05/14/2014","19","5","2014","149","97","108.56","118.23","123.52"
"05/07/2014","18","5","2014","150","110","111.61","119.5","125.89"
"04/30/2014","17","4","2014","150","116","110.09","120.77","125.89"
"04/23/2014","16","4","2014","150","130","115.28","120.77","125.89"
"04/16/2014","15","4","2014","149","123","117.42","127.13","128.27"
"04/09/2014","14","4","2014","149","133","113.14","127.13","128.27"
"04/02/2014","13","3","2014","150","144","127.21","130.94","133.02"
"03/26/2014","12","3","2014","150","136","143.42","134.76","137.77"
"03/19/2014","11","3","2014","151","177","176.75","134.76","142.52"
"03/12/2014","10","3","2014","152","151","191.12","132.21","133.02"
"03/05/2014","9","3","2014","152","133","189.59","134.76","133.02"
"02/26/2014","8","2","2014","152","133","181.03","134.76","133.02"
"02/19/2014","7","2","2014","151","129","183.48","132.21","128.27"
"02/12/2014","6","2","2014","150","137","179.5","141.11","133.02"
"02/05/2014","5","2","2014","149","116","0","143.66","133.02"
"01/29/2014","4","1","2014","147","119","180.42","143.66","133.02"
"01/22/2014","3","1","2014","146","133","169.71","143.66","133.02"
"01/15/2014","2","1","2014","147","139","171.24","144.93","135.39"
"01/08/2014","1","1","2014","148","133","173.69","147.47","140.14"
"01/01/2014","52","12","2013","147","130","179.5","147.47","140.14"
"12/25/2013","51","12","2013","146","133","180.42","147.47","140.14"
"12/18/2013","50","12","2013","146","135","176.44","151.28","149.64"
"12/11/2013","49","12","2013","146","132","164.52","144.93","144.89"
"12/04/2013","48","12","2013","147","112","165.74","138.57","137.77"
"11/27/2013","47","11","2013","145","108","162.07","134.76","133.02"
"11/20/2013","46","11","2013","144","102","198.77","134.76","133.02"
"11/13/2013","45","11","2013","145","120","211.61","138.57","142.52"
"11/06/2013","44","11","2013","146","131","178.28","138.57","144.89"
"10/30/2013","43","10","2013","146","118","188.98","139.84","147.27"
"10/23/2013","42","10","2013","147","113","196.01","141.11","152.02"
"10/16/2013","41","10","2013","147","115","191.12","146.2","156.77"
"10/09/2013","40","10","2013","147","114","168.19","143.66","161.52"
"10/02/2013","39","9","2013","148","114","181.95","147.47","166.27"
"09/25/2013","38","9","2013","149","106","170.63","132.21","152.02"
"09/18/2013","37","9","2013","150","97","168.19","128.4","147.27"
"09/11/2013","36","9","2013","150","99","138.52","120.77","128.27"
"09/04/2013","35","9","2013","150","97","129.96","115.69","118.76"
"08/28/2013","34","8","2013","148","95","119.87","114.42","116.39"
"08/21/2013","33","8","2013","147","93","108.56","114.42","114.01"
"08/14/2013","32","8","2013","147","92","107.64","115.69","114.01"
"08/07/2013","31","8","2013","148","93","87.15","118.23","117.58"
"07/31/2013","30","7","2013","148","92","78.89","116.96","114.01"
"07/24/2013","29","7","2013","147","92","81.03","118.23","117.58"
"07/17/2013","28","7","2013","146","92","86.23","115.69","114.01"
"07/10/2013","27","7","2013","144","91","88.07","115.69","114.01"
"07/03/2013","26","6","2013","144","93","93.88","116.96","114.01"
"06/26/2013","25","6","2013","145","93","98.77","116.96","114.01"
"06/19/2013","24","6","2013","145","95","90.21","115.69","114.01"
"06/12/2013","23","6","2013","145","94","89.6","111.87","106.89"
"06/05/2013","22","6","2013","146","94","96.32","111.87","106.89"
"05/29/2013","21","5","2013","146","93","94.8","114.42","111.64"
"05/22/2013","20","5","2013","147","92","83.48","113.15","111.64"
"05/15/2013","19","5","2013","146","92","85.01","114.42","114.01"
"05/08/2013","18","5","2013","145","92","88.07","114.42","114.01"
"05/01/2013","17","4","2013","145","91","0","118.23","116.39"
"04/24/2013","16","4","2013","147","89","0","120.77","118.76"
"04/17/2013","15","4","2013","149","89","83.48","120.77","118.76"
"04/10/2013","14","4","2013","150","89","87.15","120.77","118.76"
"04/03/2013","13","3","2013","151","90","80.42","124.59","123.52"
"03/27/2013","12","3","2013","151","91","89.6","124.59","123.52"
"03/20/2013","11","3","2013","154","93","93.88","122.04","118.76"
"03/13/2013","10","3","2013","154","92","99.38","122.04","118.76"
"03/06/2013","9","3","2013","156","92","99.38","119.5","118.76"
"02/27/2013","8","2","2013","157","92","99.99","118.23","118.76"
"02/20/2013","7","2","2013","157","96","99.38","118.23","116.39"
"02/13/2013","6","2","2013","155","94","99.38","116.96","114.01"
"02/06/2013","5","2","2013","152","92","98.77","116.96","114.01"
"01/30/2013","4","1","2013","148","91","100.91","116.96","114.01"
"01/23/2013","3","1","2013","147","92","101.83","116.96","114.01"
"01/16/2013","2","1","2013","147","92","106.42","118.23","128.27"
"01/09/2013","1","1","2013","148","92","114.06","113.15","114.01"
"01/02/2013","53","12","2012","148","94","152.9","113.15","114.01"
"12/26/2012","52","12","2012","148","94","172.16","113.15","114.01"
"12/19/2012","51","12","2012","149","93","175.83","114.42","114.01"
"12/12/2012","50","12","2012","151","90","183.48","115.69","118.76"
"12/05/2012","49","12","2012","152","90","175.83","118.23","123.52"
"11/28/2012","48","11","2012","152","91","187.45","118.23","125.89"
"11/21/2012","47","11","2012","150","91","183.48","116.96","123.52"
"11/14/2012","46","11","2012","150","90","162.99","116.96","123.52"
"11/07/2012","45","11","2012","151","90","181.95","119.5","125.89"
"10/31/2012","44","10","2012","152","90","167.27","120.77","128.27"
"10/24/2012","43","10","2012","155","90","179.81","124.59","133.02"
"10/17/2012","42","10","2012","157","92","152.9","124.59","128.27"
"10/10/2012","41","10","2012","154","97","156.87","124.59","128.27"
"10/03/2012","40","9","2012","154","96","193.57","119.5","114.01"
"09/26/2012","39","9","2012","154","97","185.92","119.5","114.01"
"09/19/2012","38","9","2012","156","96","191.12","122.04","114.01"
"09/12/2012","37","9","2012","156","88","168.19","122.04","114.01"
"09/05/2012","36","9","2012","156","84","152.9","124.59","121.14"
"08/29/2012","35","8","2012","154","84","133.94","127.13","125.89"
"08/22/2012","34","8","2012","152","83","100.91","127.13","128.27"
"08/15/2012","33","8","2012","149","83","111.61","127.13","128.27"
"08/08/2012","32","8","2012","145","87","93.27","127.13","133.02"
"08/01/2012","31","7","2012","143","85","108.56","128.4","133.02"
"07/25/2012","30","7","2012","143","84","107.03","129.67","137.77"
"07/18/2012","29","7","2012","139","87","125.07","128.4","135.39"
"07/11/2012","28","7","2012","139","85","107.94","124.59","128.27"
"07/04/2012","27","7","2012","138","84","97.85","122.04","118.76"
"06/27/2012","26","6","2012","139","88","82.56","123.32","121.14"
"06/20/2012","25","6","2012","142","81","84.7","128.4","128.27"
"06/13/2012","24","6","2012","143","83","86.85","124.59","116.39"
"06/06/2012","23","6","2012","145","86","87.15","123.32","114.01"
"05/30/2012","22","5","2012","147","87","100.91","127.13","121.14"
"05/23/2012","21","5","2012","149","87","98.77","129.67","125.89"
"05/16/2012","20","5","2012","151","86","104.89","127.13","125.89"
"05/09/2012","19","5","2012","153","86","107.03","132.21","137.77"
"05/02/2012","18","4","2012","154","83","103.05","137.3","144.89"
"04/25/2012","17","4","2012","154","85","98.77","136.03","142.52"
"04/18/2012","16","4","2012","156","82","100.3","133.49","140.14"
"04/11/2012","15","4","2012","157","85","97.85","129.67","137.77"
"04/04/2012","14","4","2012","156","85","99.38","129.67","140.14"
"03/28/2012","13","3","2012","158","85","107.94","129.67","140.14"
"03/21/2012","12","3","2012","158","85","110.7","124.59","137.77"
"03/14/2012","11","3","2012","156","86","105.5","124.59","142.52"
"03/07/2012","10","3","2012","154","86","106.11","124.59","142.52"
"02/29/2012","9","2","2012","153","86","117.12","124.59","137.77"
"02/22/2012","8","2","2012","149","85","123.85","127.13","137.77"
"02/15/2012","7","2","2012","149","85","129.35","127.13","137.77"
"02/08/2012","6","2","2012","146","86","120.79","119.5","118.76"
"02/01/2012","5","1","2012","145","84","141.28","124.59","123.52"
"01/25/2012","4","1","2012","145","85","117.73","129.67","128.27"
"01/18/2012","3","1","2012","145","83","110.7","129.67","128.27"
"01/11/2012","2","1","2012","144","83","111","142.38","137.77"
"01/04/2012","1","1","2012","143","84","104.89","142.38","140.14"
"12/28/2011","52","12","2011","143","84","104.58","144.93","137.77"
"12/21/2011","51","12","2011","144","86","107.94","146.2","142.52"
"12/14/2011","50","12","2011","147","88","116.2","142.38","140.14"
"12/07/2011","49","12","2011","148","85","128.43","142.38","140.14"
"11/30/2011","48","11","2011","150","84","123.85","144.93","147.27"
"11/23/2011","47","11","2011","151","83","129.35","146.2","152.02"
"11/16/2011","46","11","2011","150","81","135.47","143.66","147.27"
"11/09/2011","45","11","2011","147","82","135.47","144.93","152.02"
"11/02/2011","44","10","2011","147","81","148.31","147.47","161.52"
"10/26/2011","43","10","2011","144","83","150.76","150.01","166.27"
"10/19/2011","42","10","2011","143","80","151.67","150.01","171.02"
"10/12/2011","41","10","2011","140","93","160.54","142.38","161.52"
"10/05/2011","40","10","2011","141","91","171.86","139.84","152.02"
"09/28/2011","39","9","2011","143","80","172.16","139.84","152.02"
"09/21/2011","38","9","2011","145","87","158.4","139.84","163.9"
"09/14/2011","37","9","2011","146","80","145.25","137.3","166.27"
"09/07/2011","36","9","2011","146","78","140.66","137.3","163.9"
"08/31/2011","35","8","2011","144","79","140.05","138.57","161.52"
"08/24/2011","34","8","2011","144","78","133.02","134.76","152.02"
"08/17/2011","33","8","2011","145","79","129.35","129.67","133.02"
"08/10/2011","32","8","2011","147","74","115.28","128.4","128.27"
"08/03/2011","31","7","2011","149","75","110.7","132.21","130.64"
"07/27/2011","30","7","2011","149","77","119.26","129.67","128.27"
"07/20/2011","29","7","2011","148","80","131.8","130.94","130.64"
"07/13/2011","28","7","2011","147","80","137.3","134.76","137.77"
"07/06/2011","27","7","2011","145","81","140.66","132.21","133.02"
"06/29/2011","26","6","2011","147","80","136.08","132.21","137.77"
"06/22/2011","25","6","2011","149","78","137.61","137.3","144.89"
"06/15/2011","24","6","2011","149","83","136.38","137.3","147.27"
"06/08/2011","23","6","2011","149","84","136.69","134.76","142.52"
"06/01/2011","22","5","2011","149","79","141.58","136.03","147.27"
"05/25/2011","21","5","2011","151","80","137.3","130.94","137.77"
"05/18/2011","20","5","2011","153","83","129.04","134.76","142.52"
"05/11/2011","19","5","2011","155","79","129.96","134.76","142.52"
"05/04/2011","18","5","2011","156","76","140.66","129.67","142.52"
"04/27/2011","17","4","2011","155","77","122.93","128.4","133.02"
"04/20/2011","16","4","2011","155","80","126.29","132.21","142.52"
"04/13/2011","15","4","2011","154","76","131.18","134.76","147.27"
"04/06/2011","14","4","2011","150","78","144.33","147.47","161.52"
"03/30/2011","13","3","2011","148","84","155.04","150.01","166.27"
"03/23/2011","12","3","2011","147","82","150.14","150.01","171.02"
"03/16/2011","11","3","2011","147","90","170.02","152.56","166.27"
"03/09/2011","10","3","2011","146","87","193.57","150.01","161.52"
"03/02/2011","9","2","2011","140","85","152.28","142.38","156.77"
"02/23/2011","8","2","2011","135","84","164.52","143.66","156.77"
"02/16/2011","7","2","2011","133","83","178.58","134.76","152.02"
"02/09/2011","6","2","2011","133","87","164.52","124.59","137.77"
"02/02/2011","5","1","2011","130","81","168.19","124.59","128.27"
"01/26/2011","4","1","2011","129","80","139.44","127.13","133.02"
"01/19/2011","3","1","2011","129","82","140.05","137.3","152.02"
"01/12/2011","2","1","2011","126","81","137.61","134.76","137.77"
"01/05/2011","1","1","2011","126","80","126.29","0","0"
"12/29/2010","52","12","2010","124","81","147.7","132.21","128.27"
"12/22/2010","51","12","2010","123","83","158.4","132.21","137.77"
"12/15/2010","50","12","2010","122","83","177.67","138.57","147.27"
"12/08/2010","49","12","2010","121","77","170.94","134.76","137.77"
"12/01/2010","48","11","2010","119","73","142.5","134.76","144.89"
"11/24/2010","47","11","2010","120","73","140.66","136.03","147.27"
"11/17/2010","46","11","2010","120","73","125.37","150.01","163.9"
"11/10/2010","45","11","2010","118","74","140.05","147.47","154.39"
"11/03/2010","44","10","2010","116","74","135.77","155.1","166.27"
"10/27/2010","43","10","2010","116","76","150.14","150.01","154.39"
"10/20/2010","42","10","2010","116","95","169.1","150.01","152.02"
"10/13/2010","41","10","2010","116","101","181.64","152.56","156.77"
"10/06/2010","40","10","2010","113","106","196.93","155.1","152.02"
"09/29/2010","39","9","2010","111","76","170.94","162.73","161.52"
"09/22/2010","38","9","2010","112","85","166.66","165.27","166.27"
"09/15/2010","37","9","2010","111","79","145.25","172.9","190.02"
"09/08/2010","36","9","2010","111","94","151.37","165.27","166.27"
"09/01/2010","35","8","2010","111","100","154.73","162.73","166.27"
"08/25/2010","34","8","2010","112","98","139.44","165.27","171.02"
"08/18/2010","33","8","2010","112","94","133.63","157.64","161.52"
"08/11/2010","32","8","2010","113","96","132.41","152.56","156.77"
"08/04/2010","31","8","2010","110","86","113.45","152.56","159.14"
"07/28/2010","30","7","2010","110","83","118.65","146.2","152.02"
"07/21/2010","29","7","2010","109","82","129.96","142.38","147.27"
"07/14/2010","28","7","2010","110","82","118.65","129.67","128.27"
"07/07/2010","27","7","2010","110","77","99.38","142.38","144.89"
"06/30/2010","26","6","2010","112","76","90.51","157.64","156.77"
"06/23/2010","25","6","2010","112","73","91.13","169.08","161.52"
"06/16/2010","24","6","2010","110","73","91.43","174.17","175.77"
"06/09/2010","23","6","2010","111","74","89.9","177.98","180.52"
"06/02/2010","22","5","2010","112","75","96.02","181.8","194.77"
"05/26/2010","21","5","2010","114","75","103.36","185.61","204.28"
"05/19/2010","20","5","2010","117","75","127.52","183.07","204.28"
"05/12/2010","19","5","2010","118","74","117.12","183.07","199.52"
"05/05/2010","18","5","2010","118","75","103.97","177.98","190.02"
"04/28/2010","17","4","2010","116","76","94.18","175.44","185.27"
"04/21/2010","16","4","2010","116","75","84.09","177.98","194.77"
"04/14/2010","15","4","2010","116","76","84.09","177.98","199.52"
"04/07/2010","14","4","2010","114","75","84.09","170.35","190.02"
"03/31/2010","13","3","2010","111","76","84.4","175.44","194.77"
"03/24/2010","12","3","2010","111","77","84.7","180.52","204.28"
"03/17/2010","11","3","2010","110","85","86.54","177.98","204.28"
"03/10/2010","10","3","2010","110","84","95.71","172.9","204.28"
"03/03/2010","9","2","2010","108","81","105.5","165.27","180.52"
"02/24/2010","8","2","2010","107","83","96.94","160.18","175.77"
"02/17/2010","7","2","2010","104","87","93.27","155.1","166.27"
"02/10/2010","6","2","2010","104","86","109.47","160.18","175.77"
"02/03/2010","5","1","2010","105","83","122.32","170.35","180.52"
"01/27/2010","4","1","2010","107","83","125.37","174.17","185.27"
"01/20/2010","3","1","2010","108","81","119.56","177.98","190.02"
"01/13/2010","2","1","2010","109","83","118.04","183.07","199.52"
"01/06/2010","1","1","2010","106","84","116.2","0","0"
"12/30/2009","52","12","2009","103",,"110.09","172.9","175.77"
"12/23/2009","51","12","2009","103",,"110.09","174.17","178.15"
"12/16/2009","50","12","2009","104",,"110.7","172.9","185.27"
"12/09/2009","49","12","2009","105",,"119.26","177.98","199.52"
"12/02/2009","48","11","2009","105",,"122.32","183.07","209.03"
"11/25/2009","47","11","2009","105",,"123.54","186.88","218.53"
"11/18/2009","46","11","2009","105",,"130.27","177.98","204.28"
"11/11/2009","45","11","2009","106",,"198.77","177.98","187.65"
"11/04/2009","44","11","2009","106",,"133.94","167.81","175.77"
"10/28/2009","43","10","2009","106",,"138.83","164.63","175.77"
"10/21/2009","42","10","2009","102",,"136.69","150.01","159.14"
"10/14/2009","41","10","2009","98",,"130.57","148.74","152.02"
"10/07/2009","40","10","2009","97",,"142.81","142.38","140.14"
"09/30/2009","39","9","2009","98",,"137","142.38","137.77"
"09/23/2009","38","9","2009","99",,"118.95","147.47","149.64"
"09/16/2009","37","9","2009","99",,"102.44","146.2","142.52"
"09/09/2009","36","9","2009","100",,"102.75","144.93","137.77"
"09/02/2009","35","8","2009","101",,"108.56","132.21","118.76"
"08/26/2009","34","8","2009","101",,"103.97","134.76","133.02"
"08/19/2009","33","8","2009","100",,"98.47","142.38","137.77"
"08/12/2009","32","8","2009","99",,"85.62","144.93","142.52"
"08/05/2009","31","8","2009","96",,"84.4","157.64","156.77"
"07/29/2009","30","7","2009","95",,"88.07","162.73","156.77"
"07/22/2009","29","7","2009","94",,"91.13","152.56","147.27"
"07/15/2009","28","7","2009","96",,"82.56","139.84","147.27"
"07/08/2009","27","7","2009","98",,"76.14","152.56","156.77"
"07/01/2009","26","6","2009","98",,"80.42","150.01","147.27"
"06/24/2009","25","6","2009","99",,"84.4","157.64","166.27"
"06/17/2009","24","6","2009","97",,"88.68","143.66","166.27"
"06/10/2009","23","6","2009","94",,"81.95","143.66","161.52"
"06/03/2009","22","5","2009","89",,"80.73","137.3","147.27"
"05/27/2009","21","5","2009","86",,"82.87","125.86","125.89"
"05/20/2009","20","5","2009","84",,"83.18","122.04","125.89"
"05/13/2009","19","5","2009","84",,"83.48","110.6","111.64"
"05/06/2009","18","5","2009","82",,"76.14","101.7","99.76"
"04/29/2009","17","4","2009","83",,"76.14","106.79","116.39"
"04/22/2009","16","4","2009","84",,"79.2","109.33","109.26"
"04/15/2009","15","4","2009","84",,"80.42","99.16","85.51"
"04/08/2009","14","4","2009","84",,"77.37","95.35","80.76"
"04/01/2009","13","3","2009","84",,"76.14","101.7","95.01"
"03/25/2009","12","3","2009","79",,"82.87","101.7","95.01"
"03/18/2009","11","3","2009","76",,"81.03","116.96","118.76"
"03/11/2009","10","3","2009","77",,"81.65","109.33","109.26"
"03/04/2009","9","3","2009","79",,"86.23","100.43","92.64"
"02/25/2009","8","2","2009","80",,"93.27","99.16","90.26"
"02/18/2009","7","2","2009","82",,"94.8","101.7","95.01"
"02/11/2009","6","2","2009","84",,"108.86","97.89","97.39"
"02/04/2009","5","2","2009","85",,"139.44","76.28","87.89"
"01/28/2009","4","1","2009","86",,"171.24","67.38","68.88"
"01/21/2009","3","1","2009","87",,"172.16","63.56","64.13"
"01/14/2009","2","1","2009","87",,"168.19","68.65","64.13"
"01/07/2009","1","1","2009","86",,"113.45","58.48","61.76"
"12/31/2008","52","12","2008","88",,"134.85","61.02","61.76"
"12/24/2008","51","12","2008","89",,"158.71","61.02","61.76"
"12/17/2008","50","12","2008","91",,"143.72","58.48","61.76"
"12/10/2008","49","12","2008","95",,"152.9","58.48","66.51"
"12/03/2008","48","11","2008","99",,"122.32","63.56","68.88"
"11/26/2008","47","11","2008","101",,"120.79","69.92","80.76"
"11/19/2008","46","11","2008","106",,"146.47","73.74","90.26"
"11/12/2008","45","11","2008","111",,"168.19","73.74","90.26"
"11/05/2008","44","11","2008","117",,"321.08","73.74","80.76"
"10/29/2008","43","10","2008","124",,"212.22","78.82","80.76"
"10/22/2008","42","10","2008","131",,"174.61","96.62","90.26"
"10/15/2008","41","10","2008","138",,"201.82","122.04","142.52"
"10/08/2008","40","10","2008","146",,"229.34","142.38","166.27"
"10/01/2008","39","9","2008","149",,"191.12","165.27","204.28"
"09/24/2008","38","9","2008","149",,"182.25","231.38","285.04"
"09/17/2008","37","9","2008","151.81132",,"187.14","231.38","237.53"
"09/10/2008","36","9","2008","153",,"186.23","266.97","251.78"
"09/03/2008","35","8","2008","156",,"181.95","289.86","261.28"
"08/27/2008","34","8","2008","156",,"173.08","294.94","285.04"
"08/20/2008","33","8","2008","159",,"157.48","300.03","294.54"
"08/13/2008","32","8","2008","164",,"140.66","284.77","275.53"
"08/06/2008","31","8","2008","170",,"148.31","302.57","308.79"
"07/30/2008","30","7","2008","174",,"150.45","312.74","313.54"
"07/23/2008","29","7","2008","178",,"138.52","327.99","342.04"
"07/16/2008","28","7","2008","180",,"142.5","335.62","361.05"
"07/09/2008","27","7","2008","178",,"167.57","320.37","361.05"
"07/02/2008","26","6","2008","175",,"184.7","333.08","389.55"
"06/25/2008","25","6","2008","175",,"170.63","310.2","384.8"
"06/18/2008","24","6","2008","177",,"196.93","307.65","370.55"
"06/11/2008","23","6","2008","177",,"161.15","343.25","380.05"
"06/04/2008","22","6","2008","178",,"131.8","343.25","370.55"
"05/28/2008","21","5","2008","178",,"123.85","355.96","346.79"
"05/21/2008","20","5","2008","188",,"116.51","358.5","342.04"
"05/14/2008","19","5","2008","163",,"115.28","321.64","332.54"
"05/07/2008","18","5","2008","157",,"117.12","312.74","323.04"
"04/30/2008","17","4","2008","158",,"118.65","302.57","327.79"
"04/23/2008","16","4","2008","156",,"128.74","289.86","308.79"
"04/16/2008","15","4","2008","153",,"124.76","282.23","299.29"
"04/09/2008","14","4","2008","151",,"127.21","277.14","294.54"
"04/02/2008","13","3","2008","150",,"132.71","279.68","304.04"
"03/26/2008","12","3","2008","151",,"143.42","282.23","313.54"
"03/19/2008","11","3","2008","150",,"131.49","283.5","318.29"
"03/12/2008","10","3","2008","144",,"148.31","286.04","327.79"
"03/05/2008","9","3","2008","138",,"135.77","282.23","318.29"
"02/27/2008","8","2","2008","134",,"161.76","272.06","294.54"
"02/20/2008","7","2","2008","128",,"152.9","266.97","299.29"
"02/13/2008","6","2","2008","124",,"143.72","246.63","256.53"
"02/06/2008","5","2","2008","124",,"152.28","233.92","242.28"
"01/30/2008","4","1","2008","123",,"136.38","0","0"
"01/23/2008","3","1","2008","123",,"130.88","0","0"
"01/16/2008","2","1","2008","126",,"99.38","307.65","323.04"
"01/09/2008","1","1","2008","127",,"107.33","315.28","332.54"
"01/02/2008","52","12","2007","126",,"110.09","312.74","370.55"
"12/26/2007","51","12","2007","125",,"112.23","321.64","370.55"
"12/19/2007","50","12","2007","125",,"115.28","315.28","370.55"
"12/12/2007","49","12","2007","125",,"122.32","310.2","389.55"
"12/05/2007","48","12","2007","129",,"118.34","302.57","389.55"
"11/28/2007","47","11","2007","130",,"118.34","305.11","389.55"
"11/21/2007","46","11","2007","129",,"124.15","300.03","427.55"
"11/14/2007","45","11","2007","129",,"133.94","292.4","437.05"
"11/07/2007","44","11","2007","125",,"127.82","292.4","441.81"
"10/31/2007","43","10","2007","119",,"139.44","297.48","437.05"
"10/24/2007","42","10","2007","117",,"162.99","292.4","427.55"
"10/17/2007","41","10","2007","115",,"160.85","292.4","427.55"
"10/10/2007","40","10","2007","115",,"195.71","256.8","325.42"
"10/03/2007","39","9","2007","115",,"205.19","251.72","313.54"
"09/26/2007","38","9","2007","114",,"199.68","241.55","318.29"
"09/19/2007","37","9","2007","112",,"228.12","241.55","311.16"
"09/12/2007","36","9","2007","110",,"210.39","250.44","323.04"
"09/05/2007","35","9","2007","109",,"247.69","231.88","280.76"
"08/29/2007","34","8","2007","108",,"213.44","228.83","280.29"
"08/22/2007","33","8","2007","108",,"176.75","239","289.79"
"08/15/2007","32","8","2007","107",,"162.38","226.29","268.41"
"08/08/2007","31","8","2007","109",,"136.38","227.56","275.53"
"08/01/2007","30","7","2007","109",,"120.79","228.83","280.29"
"07/25/2007","29","7","2007","109",,"140.05","213.58","285.04"
"07/18/2007","28","7","2007","109",,"134.24","203.41","285.04"
"07/11/2007","27","7","2007","108",,"108.86","188.15","256.53"
"07/04/2007","26","7","2007","107",,"110.09","188.15","242.28"
"06/27/2007","25","6","2007","107",,"112.84","153.83","194.77"
"06/20/2007","24","6","2007","106",,"105.5","150.01","185.27"
"06/13/2007","23","6","2007","112",,"100.91","157.64","190.02"
"06/06/2007","22","6","2007","106",,"108.25","162.73","197.15"
"05/30/2007","21","5","2007","106",,"99.69","162.73","201.9"
"05/23/2007","20","5","2007","106",,"84.09","162.73","211.4"
"05/16/2007","19","5","2007","105",,"69.41","165.27","218.53"
"05/09/2007","18","5","2007","105",,"63.91","155.1","211.4"
"05/02/2007","17","4","2007","106",,"65.44","152.56","206.65"
"04/25/2007","16","4","2007","108",,"65.13","152.56","201.9"
"04/18/2007","15","4","2007","109",,"68.5","148.74","197.15"
"04/11/2007","14","4","2007","107",,"70.64","144.93","191.21"
"04/04/2007","13","4","2007","105",,"72.47","144.93","191.21"
"03/28/2007","12","3","2007","101",,"74.61","144.93","191.21"
"03/21/2007","11","3","2007","101",,"81.95","144.93","190.02"
"03/14/2007","10","3","2007","101",,"90.82","144.93","190.02"
"03/07/2007","9","3","2007","99",,"87.15","142.38","185.27"
"02/28/2007","8","2","2007","96",,"97.85","141.11","181.71"
"02/21/2007","7","2","2007","94",,"111.31","136.03","179.33"
"02/14/2007","6","2","2007","93",,"113.14","133.49","175.77"
"02/07/2007","5","2","2007","92",,"109.47","133.49","171.02"
"01/31/2007","4","1","2007","91",,"95.41","133.49","175.77"
"01/24/2007","3","1","2007","92",,"87.46","136.03","180.52"
"01/17/2007","2","1","2007","93",,"120.18","142.38","194.77"
"01/10/2007","1","1","2007","96",,"81.95","136.03","187.48"
"01/03/2007","53","12","2006","97",,"81.95",,
"12/27/2006","52","12","2006","98",,"83.79","135.87","187.21"
"12/20/2006","51","12","2006","98",,"87.15","134.25","186.29"
"12/13/2006","50","12","2006","99",,"116.81","132.98","188.76"
"12/06/2006","49","12","2006","99",,"115.28","132.58","197.71"
"11/29/2006","48","11","2006","97",,"136.08","126.82","195.11"
"11/22/2006","47","11","2006","96",,"141.89","125.17","193.38"
"11/15/2006","46","11","2006","96",,"136.08","126.09","194.5"
"11/08/2006","45","11","2006","95",,"140.36","125.36","198.7"
"11/01/2006","44","10","2006","95",,"161.46","122.5","179.67"
"10/25/2006","43","10","2006","95",,"137.61","122.8","175.63"
"10/18/2006","42","10","2006","94",,"169.41","123.4","184.4"
"10/11/2006","41","10","2006","95",,"171.24","125.33","186.84"
"10/04/2006","40","10","2006","96",,"186.53","126.35","183.5"
"09/27/2006","39","9","2006","98",,"177.67","125.85","175.3"
"09/20/2006","38","9","2006","102",,"165.13","130.82","187.46"
"09/13/2006","37","9","2006","108",,"157.18","128.22","173.29"
"09/06/2006","36","9","2006","112",,"154.12","125.17","167.97"
"08/30/2006","35","8","2006","114",,"174","119.12","159.48"
"08/23/2006","34","8","2006","114",,"177.05","116.01","158.28"
"08/16/2006","33","8","2006","116",,"174","115.12","158.45"
"08/09/2006","32","8","2006","115",,"174.91","110.69","152.29"
"08/02/2006","31","7","2006","112",,"152.28","105.4","142.79"
"07/26/2006","30","7","2006","111",,"151.67","103.19","145.46"
"07/19/2006","29","7","2006","110",,"160.85","100.01","142.95"
"07/12/2006","28","7","2006","110",,"150.76","97.98","143.09"
"07/05/2006","27","7","2006","109",,"135.47","101.49","149.37"
"06/28/2006","26","6","2006","108",,"127.21","98.5","143.86"
"06/21/2006","25","6","2006","110",,"116.81","93.72","136.21"
"06/14/2006","24","6","2006","110",,"118.34","94.02","138.1"
"06/07/2006","23","6","2006","109",,"114.67","90.78","130.21"
"05/31/2006","22","5","2006","109",,"107.33","89.27","122.84"
"05/24/2006","21","5","2006","109",,"117.42","89.33","120.87"
"05/17/2006","20","5","2006","110",,"120.18","88.57","120.96"
"05/10/2006","19","5","2006","109",,"108.86","87.34","120.27"
"05/03/2006","18","4","2006","109",,"95.41","86.59","117.77"
"04/26/2006","17","4","2006","109",,"88.07","87.34","118.78"
"04/19/2006","16","4","2006","104",,"89.9","88.37","120.36"
"04/12/2006","15","4","2006","100",,"100.3","88.68","121.08"
"04/05/2006","14","4","2006","99",,"105.5","90.77","123.11"
"03/29/2006","13","3","2006","97",,"98.47","92.17","128.27"
"03/22/2006","12","3","2006","97",,"101.83","88.85","130.3"
"03/15/2006","11","3","2006","96",,"103.05","91.86","138.07"
"03/08/2006","10","3","2006","96",,"115.59","91.64","131.89"
"03/01/2006","9","2","2006","93",,"117.73","90.7","127.98"
"02/22/2006","8","2","2006","93",,"114.67","92.83","129.79"
"02/15/2006","7","2","2006","93",,"130.57","88.69","120.51"
"02/08/2006","6","2","2006","94",,"145.25","86.12","116.66"
"02/01/2006","5","1","2006","94",,"126.29","83.03","112.59"
"01/25/2006","4","1","2006","93",,"117.12","86.02","109.28"
"01/18/2006","3","1","2006","92",,"122.32","93.56","118.57"
"01/11/2006","2","1","2006","94",,"115.9","100.31","121.95"
"01/04/2006","1","1","2006","92",,"125.07","101.65","123.57"
"12/28/2005","52","12","2005","92",,"135.47","100.36","119.59"
"12/21/2005","51","12","2005","93",,"155.34","100.63","120.62"
"12/14/2005","50","12","2005","92",,"168.8","101.7","126.43"
"12/07/2005","49","12","2005","81",,"146.17","104.58","119.78"
"11/30/2005","48","11","2005","94",,"111.61","107.59","111.92"
"11/23/2005","47","11","2005","95",,"112.23","110.41","106.52"
"11/16/2005","46","11","2005","98",,"114.67","115.54","113.03"
"11/09/2005","45","11","2005","102",,"109.78","115.59","114.48"
"11/02/2005","44","10","2005","109",,"137.61","117.79","117.1"
"10/26/2005","43","10","2005","119",,"179.19","118.59","115.71"
"10/19/2005","42","10","2005","119",,"199.99","119.32","120.63"
"10/12/2005","41","10","2005","119",,"256.87","118.82","123.81"
"10/05/2005","40","10","2005","119",,"216.5","113.32","119.05"
"09/28/2005","39","9","2005","106",,"193.57","111.76","121.58"
"09/21/2005","38","9","2005","103",,"179.5","107.52","126.14"
"09/14/2005","37","9","2005","107",,"204.88","99.8","115.71"
"09/07/2005","36","9","2005","109",,"171.24","91.82","103.05"
"08/31/2005","35","8","2005","98",,"152.9","95.03","108.54"
"08/24/2005","34","8","2005","98",,"100.3","98.95","119.27"
"08/17/2005","33","8","2005","97",,"96.94","95.32","109.61"
"08/10/2005","32","8","2005","91",,"83.48","87.86","92.45"
"08/03/2005","31","7","2005","89",,"77.37","83.76","86.73"
"07/27/2005","30","7","2005","88",,"84.4","88.54","91.62"
"07/20/2005","29","7","2005","90",,"95.1","93.96","99.73"
"07/13/2005","28","7","2005","91",,"78.89","100.83","102.68"
"07/06/2005","27","7","2005","89",,"75.84","110.44","103.56"
"06/29/2005","26","6","2005","88",,"71.86","117.62","112.25"
"06/22/2005","25","6","2005","87",,"63.91","118.19","111.67"
"06/15/2005","24","6","2005","86",,"67.58","126","119.48"
"06/08/2005","23","6","2005","84",,"71.25","135.84","129.47"
"06/01/2005","22","5","2005","82",,"77.37","136.57","126.13"
"05/25/2005","21","5","2005","81",,"81.03","137.5","128.17"
"05/18/2005","20","5","2005","83",,"76.45","138.04","128.62"
"05/11/2005","19","5","2005","84",,"70.03","145.69","139.36"
"05/04/2005","18","5","2005","85",,"74.92","138","125.97"
"04/27/2005","17","4","2005","86",,"68.19","145.04","132.27"
"04/20/2005","16","4","2005","85",,"72.78","157.28","163.84"
"04/13/2005","15","4","2005","87",,"73.7","158.63","166.82"
"04/06/2005","14","4","2005","87",,"95.71","157.92","168.56"
"03/30/2005","13","3","2005","85",,"70.64","161.84","182.24"
"03/23/2005","12","3","2005","85",,"76.45","162.96","183.87"
"03/16/2005","11","3","2005","83",,"105.19","162.62","190.6"
"03/09/2005","10","3","2005","82",,"84.09","158.17","189.55"
"03/02/2005","9","2","2005","80",,"112.84","155.13","185.33"
"02/23/2005","8","2","2005","76",,"97.85","156.89","193.04"
"02/16/2005","7","2","2005","75",,"85.01","151.61","172.53"
"02/09/2005","6","2","2005","75",,"71.25","147.03","160.47"
"02/02/2005","5","1","2005","75",,"80.42","153.59","169.22"
"01/26/2005","4","1","2005","74",,"89.29","149.55","162.37"
"01/19/2005","3","1","2005","74",,"110.39","152.99","175.28"
"01/12/2005","2","1","2005","73",,"99.08","158.31","185.85"
"01/05/2005","1","1","2005","74",,"79.81","148.17","173.16"
"12/29/2004","52","12","2004","75",,"91.74",,
"12/22/2004","51","12","2004","75",,"105.74","154.41","187.92"
"12/15/2004","50","12","2004","75",,"92.04","160.77","206.89"
"12/08/2004","49","12","2004","78",,"74.92","176.55","231.25"
"12/01/2004","48","11","2004","80",,"73.39","178.92","236.89"
"11/24/2004","47","11","2004","80",,"72.17","163.67","214.19"
"11/17/2004","46","11","2004","80",,"91.43","155.72","194.57"
"11/10/2004","45","11","2004","82",,"113.45","154.61","185.82"
"11/03/2004","44","10","2004","83",,"112.84","153.73","188.53"
"10/27/2004","43","10","2004","83",,"129.35","152.68","190.12"
"10/20/2004","42","10","2004","82",,"101.83","146.01","184.1"
"10/13/2004","41","10","2004","79",,"103.97","140.08","172.5"
"10/06/2004","40","10","2004","77",,"128.13","136.56","167.24"
"09/29/2004","39","9","2004","76",,"131.18","135.94","168.54"
"09/22/2004","38","9","2004","72",,"115.9","136.38","169.26"
"09/15/2004","37","9","2004","71",,"108.56","134.07","159.11"
"09/08/2004","36","9","2004","71",,"69.72","131.92","151.91"
"09/01/2004","35","8","2004","71",,"67.58","134.29","152.32"
"08/25/2004","34","8","2004","71",,"68.5","134.36","154.89"
"08/18/2004","33","8","2004","69",,"69.72","129.59","151.52"
"08/11/2004","32","8","2004","68",,"67.27","127.17","148.12"
"08/04/2004","31","8","2004","67",,"64.22","131.57","155.94"
"07/28/2004","30","7","2004","66",,"59.94","125.75","149.94"
"07/21/2004","29","7","2004","66",,"46.79","122.58","158.6"
"07/14/2004","28","7","2004","66",,"44.65","123.65","171.79"
"07/07/2004","27","7","2004","65",,"46.17","107.72","145.84"
"06/30/2004","26","6","2004","64",,"46.17","97.46","125.75"
"06/23/2004","25","6","2004","64",,"45.87","94.01","117.08"
"06/16/2004","24","6","2004","65",,"46.48","110.75","124.13"
"06/09/2004","23","6","2004","65",,"49.84","121.31","126.11"
"06/02/2004","22","5","2004","66",,"51.68","130.74","135.48"
"05/26/2004","21","5","2004","66",,"53.21","131.76","142.14"
"05/19/2004","20","5","2004","67",,"51.68","133.26","144.87"
"05/12/2004","19","5","2004","66",,"46.48","161.15","176.02"
"05/05/2004","18","5","2004","65",,"41.59","161.04","170.95"
"04/28/2004","17","4","2004","65",,"41.74","168.93","181.15"
"04/21/2004","16","4","2004","65",,"42.81","182.14","196.76"
"04/14/2004","15","4","2004","63",,"44.65","184.54","195.42"
"04/07/2004","14","4","2004","62",,"44.95","184.94","196.94"
"03/31/2004","13","3","2004","62",,"46.17","183.65","200.14"
"03/24/2004","12","3","2004","62",,"43.73","185.69","209.07"
"03/17/2004","11","3","2004","61",,"46.17","186.27","215.61"
"03/10/2004","10","3","2004","62",,"45.56","185.89","213.44"
"03/03/2004","9","2","2004","61",,"48.93","183.6","207.89"
"02/25/2004","8","2","2004","60",,"48.32","185.63","212.64"
"02/18/2004","7","2","2004","60",,"55.35","175.01","207.79"
"02/11/2004","6","2","2004","59",,"59.94","175.97","208.69"
"02/04/2004","5","2","2004","60",,"65.75","181.72","215.06"
"01/28/2004","4","1","2004","60",,"63.6","158.23","208.5"
"01/21/2004","3","1","2004","59",,"58.1","150.22","207.36"
"01/14/2004","2","1","2004","60",,"61.16","147.9","214.44"
"01/07/2004","1","1","2004","57",,"61.16","131.27","196.91"
"12/31/2003","52","12","2003","57",,"61.46","0","0"
"12/24/2003","51","12","2003","57",,"65.75","130.59","197.43"
"12/17/2003","50","12","2003","56",,"65.44","130.38","198.62"
"12/10/2003","49","12","2003","56",,"67.58","128.43","196.82"
"12/03/2003","48","11","2003","56",,"61.16","124.94","199.24"
"11/26/2003","47","11","2003","56",,"57.49","117.77","194.63"
"11/19/2003","46","11","2003","56",,"59.02","114.37","186.03"
"11/12/2003","45","11","2003","56",,"66.97","115.48","187.46"
"11/05/2003","44","11","2003","56",,"84.7","120.72","197.2"
"10/29/2003","43","10","2003","57",,"107.03","118.94","199.48"
"10/22/2003","42","10","2003","57",,"93.27","116.32","182.14"
"10/15/2003","41","10","2003","56",,"81.95","115.74","180.62"
"10/08/2003","40","10","2003","55",,"91.13","107.7","155.91"
"10/01/2003","39","9","2003","54",,"92.04","95.93","128.6"
"09/24/2003","38","9","2003","54",,"83.48","85.56","108.41"
"09/17/2003","37","9","2003","55",,"75.84","87.47","95.96"
"09/10/2003","36","9","2003","56",,"60.85","88.71","93.11"
"09/03/2003","35","8","2003","57",,"57.49","86.35","92.64"
"08/27/2003","34","8","2003","57",,"57.49","84.31","97.05"
"08/20/2003","33","8","2003","57",,"51.98","86.3","103.04"
"08/13/2003","32","8","2003","56",,"49.69","86.04","103.42"
"08/06/2003","31","8","2003","55",,"46.17","81.57","98.62"
"07/30/2003","30","7","2003","54",,"46.17","82.89","106.98"
"07/23/2003","29","7","2003","54",,"44.95","84.64","111.07"
"07/16/2003","28","7","2003","54",,"47.09","81.97","112.07"
"07/09/2003","27","7","2003","54",,"47.7","79.86","110.97"
"07/02/2003","26","6","2003","54",,"48.93","78.03","109.83"
"06/25/2003","25","6","2003","54",,"48.01","76.74","107.84"
"06/18/2003","24","6","2003","54",,"45.56","77.32","107.03"
"06/11/2003","23","6","2003","54",,"42.51","77.8","104.09"
"06/04/2003","22","6","2003","54",,"40.67","79.58","106.32"
"05/28/2003","21","5","2003","54",,"41.28","79.56","109.26"
"05/21/2003","20","5","2003","54",,"43.12","86.91","110.74"
"05/14/2003","19","5","2003","54",,"45.26","90.24","105.75"
"05/07/2003","18","5","2003","56",,"39.14","88.84","102.23"
"04/30/2003","17","4","2003","57",,"38.53","86.8","102.8"
"04/23/2003","16","4","2003","58",,"39.45","82.2","103.37"
"04/16/2003","15","4","2003","58",,"42.2","81.74","104.23"
"04/09/2003","14","4","2003","58",,"43.73","78.79","99.62"
"04/02/2003","13","3","2003","60",,"44.34","77.09","94.54"
"03/26/2003","12","3","2003","63",,"47.09","76.51","94.2"
"03/19/2003","11","3","2003","66",,"53.51","76.63","93.73"
"03/12/2003","10","3","2003","67",,"57.79","74.14","88.65"
"03/05/2003","9","3","2003","66",,"55.65","72.21","90.55"
"02/26/2003","8","2","2003","65",,"51.37","71.37","91.88"
"02/19/2003","7","2","2003","64",,"50.76","70.18","90.74"
"02/12/2003","6","2","2003","63",,"54.43","69.16","91.97"
"02/05/2003","5","2","2003","58",,"62.69","66.82","88.93"
"01/29/2003","4","1","2003","56",,"68.19","67.02","88.79"
"01/22/2003","3","1","2003","56",,"73.08","71.19","98.62"
"01/15/2003","2","1","2003","56",,"72.47","69.31","97.01"
"01/08/2003","1","1","2003","57",,"48.93","65.6","92.87"
"01/01/2003","52","12","2002","56",,"48.93","64.96","92.49"
"12/25/2002","51","12","2002","54",,"50.76","64.96","92.3"
"12/18/2002","50","12","2002","53",,"53.21","64","89.55"
"12/11/2002","49","12","2002","53",,"69.72","63.34","85.99"
"12/04/2002","48","12","2002","53",,"66.05","63.29","81.19"
"11/27/2002","47","11","2002","53",,"73.7","62.29","76.06"
"11/20/2002","46","11","2002","53",,"65.44","61.81","72.83"
"11/13/2002","45","11","2002","54",,"68.19","63.08","70.31"
"11/06/2002","44","11","2002","54",,"66.36","63.82","68.5"
"10/30/2002","43","10","2002","55",,"63.91","63.46","66.37"
"10/23/2002","42","10","2002","55",,"63.91","62.93","64.56"
"10/16/2002","41","10","2002","55",,"62.99","61.78","63.18"
"10/09/2002","40","10","2002","55",,"61.16","61.33","65.61"
"10/02/2002","39","9","2002","54",,"54.43","62.6","63.04"
"09/25/2002","38","9","2002","53",,"48.01","62.29","61.47"
"09/18/2002","37","9","2002","53",,"45.87","58.73","59.43"
"09/11/2002","36","9","2002","53",,"44.34","57.72","57.77"
"09/04/2002","35","9","2002","52",,"42.51","56.09","53.25"
"08/28/2002","34","8","2002","52",,"39.14","52.96","52.4"
